candidate_phrase,seed,buy_intent,reason_kept
5 ht for anxiety,5-htp,True,new (no collision with keyword-map/queue/universe)
ashwagandha dosage 3000mg,ashwagandha,True,new (no collision with keyword-map/queue/universe)
b complex benefits for sleep,b complex,True,new (no collision with keyword-map/queue/universe)
best glycine and alanine supplement,glycine,True,new (no collision with keyword-map/queue/universe)
best holy basil for anxiety,holy basil,True,new (no collision with keyword-map/queue/universe)
best l theanine for sleep reddit,l-theanine,True,new (no collision with keyword-map/queue/universe)
best form of l tryptophan,l-tryptophan,True,new (no collision with keyword-map/queue/universe)
best l tyrosine and l theanine supplement,l-tyrosine,True,new (no collision with keyword-map/queue/universe)
does lavender have side effects,lavender silexan,True,new (no collision with keyword-map/queue/universe)
best lemon balm for cold sores,lemon balm,True,new (no collision with keyword-map/queue/universe)
best magnesium glycinate for kids,magnesium glycinate,True,new (no collision with keyword-map/queue/universe)
best omega 3 fish oil for dry eyes,omega-3 fish oil,True,new (no collision with keyword-map/queue/universe)
best passiflora for fruit,passionflower,True,new (no collision with keyword-map/queue/universe)
best probiotic for constipation,probiotic,True,new (no collision with keyword-map/queue/universe)
best dosage for rhodiola rosea,rhodiola rosea,True,new (no collision with keyword-map/queue/universe)
best saffron extract for adhd,saffron extract,True,new (no collision with keyword-map/queue/universe)
can you take taurine and creatine together,taurine,True,new (no collision with keyword-map/queue/universe)
best valerian root for anxiety,valerian root,True,new (no collision with keyword-map/queue/universe)
best vitamin d for stress,vitamin d3,True,new (no collision with keyword-map/queue/universe)
5 htp dosage per day,5-htp,True,new (no collision with keyword-map/queue/universe)
ashwagandha dosage for anxiety,ashwagandha,True,new (no collision with keyword-map/queue/universe)
b complex dosage for adults,b complex,True,new (no collision with keyword-map/queue/universe)
best glycine and nac supplement,glycine,True,new (no collision with keyword-map/queue/universe)
best holy basil for tea,holy basil,True,new (no collision with keyword-map/queue/universe)
best l theanine for women,l-theanine,True,new (no collision with keyword-map/queue/universe)
best l tryptophan for sleep,l-tryptophan,True,new (no collision with keyword-map/queue/universe)
best l tyrosine for kids,l-tyrosine,True,new (no collision with keyword-map/queue/universe)
does lavender help with anxiety,lavender silexan,True,new (no collision with keyword-map/queue/universe)
best lemon balm for kids,lemon balm,True,new (no collision with keyword-map/queue/universe)
best magnesium glycinate for leg cramps,magnesium glycinate,True,new (no collision with keyword-map/queue/universe)
best omega 3 fish oil for fertility,omega-3 fish oil,True,new (no collision with keyword-map/queue/universe)
best passiflora for uk,passionflower,True,new (no collision with keyword-map/queue/universe)
best probiotic for diarrhea,probiotic,True,new (no collision with keyword-map/queue/universe)
best rhodiola rosea for cortisol,rhodiola rosea,True,new (no collision with keyword-map/queue/universe)
best saffron extract for adhd kids,saffron extract,True,new (no collision with keyword-map/queue/universe)
can you take taurine and magnesium together,taurine,True,new (no collision with keyword-map/queue/universe)
best valerian root for sleep,valerian root,True,new (no collision with keyword-map/queue/universe)
best vitamin d3 for kids,vitamin d3,True,new (no collision with keyword-map/queue/universe)
5 htp for anxiety and depression,5-htp,True,new (no collision with keyword-map/queue/universe)
ashwagandha dosage for sleep,ashwagandha,True,new (no collision with keyword-map/queue/universe)
b complex dosage for cattle,b complex,True,new (no collision with keyword-map/queue/universe)
best glycine for men,glycine,True,new (no collision with keyword-map/queue/universe)
best holy basil saffron and rosemary recipe,holy basil,True,new (no collision with keyword-map/queue/universe)
best l theanine form,l-theanine,True,new (no collision with keyword-map/queue/universe)
can you take l tryptophan and 5 htp together,l-tryptophan,True,new (no collision with keyword-map/queue/universe)
best l tyrosine for women,l-tyrosine,True,new (no collision with keyword-map/queue/universe)
doterra lavender vs lavender peace,lavender silexan,True,new (no collision with keyword-map/queue/universe)
best lemon balm for lips,lemon balm,True,new (no collision with keyword-map/queue/universe)
best magnesium glycinate for men,magnesium glycinate,True,new (no collision with keyword-map/queue/universe)
best omega 3 fish oil for high triglycerides,omega-3 fish oil,True,new (no collision with keyword-map/queue/universe)
best passionflower for anxiety,passionflower,True,new (no collision with keyword-map/queue/universe)
best probiotic for gas and bloating,probiotic,True,new (no collision with keyword-map/queue/universe)
best rhodiola rosea for men,rhodiola rosea,True,new (no collision with keyword-map/queue/universe)
best saffron extract for anxiety,saffron extract,True,new (no collision with keyword-map/queue/universe)
can you take taurine at night,taurine,True,new (no collision with keyword-map/queue/universe)
best valerian root for sleep reddit,valerian root,True,new (no collision with keyword-map/queue/universe)
best vitamin d3 for men,vitamin d3,True,new (no collision with keyword-map/queue/universe)
5 htp for anxiety and panic attacks,5-htp,True,new (no collision with keyword-map/queue/universe)
ashwagandha dosage for testosterone,ashwagandha,True,new (no collision with keyword-map/queue/universe)
b complex dosage for goats,b complex,True,new (no collision with keyword-map/queue/universe)
best glycine for skin,glycine,True,new (no collision with keyword-map/queue/universe)
best parking for holy basil parramatta,holy basil,True,new (no collision with keyword-map/queue/universe)
best l-theanine for adhd,l-theanine,True,new (no collision with keyword-map/queue/universe)
can you take l tryptophan and l tyrosine together,l-tryptophan,True,new (no collision with keyword-map/queue/universe)
best l tyrosine supplement for adhd reddit,l-tyrosine,True,new (no collision with keyword-map/queue/universe)
lavender fine vs lavender,lavender silexan,True,new (no collision with keyword-map/queue/universe)
best lemon balm for sleep,lemon balm,True,new (no collision with keyword-map/queue/universe)
best magnesium glycinate for menopause,magnesium glycinate,True,new (no collision with keyword-map/queue/universe)
best omega 3 fish oil for kids,omega-3 fish oil,True,new (no collision with keyword-map/queue/universe)
best passionflower for sleep,passionflower,True,new (no collision with keyword-map/queue/universe)
best probiotic for gut health,probiotic,True,new (no collision with keyword-map/queue/universe)
best rhodiola rosea for weight loss,rhodiola rosea,True,new (no collision with keyword-map/queue/universe)
best saffron extract for appetite control,saffron extract,True,new (no collision with keyword-map/queue/universe)
can you take taurine before bed,taurine,True,new (no collision with keyword-map/queue/universe)
best valerian root on amazon,valerian root,True,new (no collision with keyword-map/queue/universe)
best vitamin d3 for men over 50,vitamin d3,True,new (no collision with keyword-map/queue/universe)
5 htp for anxiety and sleep,5-htp,True,new (no collision with keyword-map/queue/universe)
ashwagandha dosage for women,ashwagandha,True,new (no collision with keyword-map/queue/universe)
b complex dosage for seniors,b complex,True,new (no collision with keyword-map/queue/universe)
best glycine for sleep,glycine,True,new (no collision with keyword-map/queue/universe)
best saffron holy basil and rosemary supplement,holy basil,True,new (no collision with keyword-map/queue/universe)
best l-theanine for anxiety,l-theanine,True,new (no collision with keyword-map/queue/universe)
can you take l tryptophan long term,l-tryptophan,True,new (no collision with keyword-map/queue/universe)
best l tyrosine supplement for kids,l-tyrosine,True,new (no collision with keyword-map/queue/universe)
lavender oil for anxiety silexan,lavender silexan,True,new (no collision with keyword-map/queue/universe)
best lemon balm for tea,lemon balm,True,new (no collision with keyword-map/queue/universe)
best magnesium glycinate for migraines,magnesium glycinate,True,new (no collision with keyword-map/queue/universe)
best omega 3 fish oil for men,omega-3 fish oil,True,new (no collision with keyword-map/queue/universe)
best passionflower supplement for anxiety,passionflower,True,new (no collision with keyword-map/queue/universe)
best probiotic for ibs,probiotic,True,new (no collision with keyword-map/queue/universe)
best rhodiola rosea for women,rhodiola rosea,True,new (no collision with keyword-map/queue/universe)
best saffron extract for kids,saffron extract,True,new (no collision with keyword-map/queue/universe)
can you take taurine everyday,taurine,True,new (no collision with keyword-map/queue/universe)
best valerian root on the market,valerian root,True,new (no collision with keyword-map/queue/universe)
best vitamin d3 for osteoporosis,vitamin d3,True,new (no collision with keyword-map/queue/universe)
5 htp for anxiety dosage,5-htp,True,new (no collision with keyword-map/queue/universe)
ashwagandha dosage per day,ashwagandha,True,new (no collision with keyword-map/queue/universe)
b complex dosage for women,b complex,True,new (no collision with keyword-map/queue/universe)
best glycine for sleep reddit,glycine,True,new (no collision with keyword-map/queue/universe)
best saffron holy basil rosemary for kids,holy basil,True,new (no collision with keyword-map/queue/universe)
best l-theanine for kids,l-theanine,True,new (no collision with keyword-map/queue/universe)
can you take l tryptophan with antidepressants,l-tryptophan,True,new (no collision with keyword-map/queue/universe)
best l- tyrosine for adhd,l-tyrosine,True,new (no collision with keyword-map/queue/universe)
lavender side effects,lavender silexan,True,new (no collision with keyword-map/queue/universe)
best lemon balm for weight loss,lemon balm,True,new (no collision with keyword-map/queue/universe)
best magnesium glycinate for perimenopause,magnesium glycinate,True,new (no collision with keyword-map/queue/universe)
best omega 3 fish oil for pregnancy,omega-3 fish oil,True,new (no collision with keyword-map/queue/universe)
best passionflower supplement for sleep,passionflower,True,new (no collision with keyword-map/queue/universe)
best probiotic for men,probiotic,True,new (no collision with keyword-map/queue/universe)
best rhodiola rosea to buy,rhodiola rosea,True,new (no collision with keyword-map/queue/universe)
best saffron extract for mood,saffron extract,True,new (no collision with keyword-map/queue/universe)
can you take taurine on an empty stomach,taurine,True,new (no collision with keyword-map/queue/universe)
best valerian root to buy,valerian root,True,new (no collision with keyword-map/queue/universe)
best vitamin d3 for seniors,vitamin d3,True,new (no collision with keyword-map/queue/universe)
5 htp for sleep amazon,5-htp,True,new (no collision with keyword-map/queue/universe)
ashwagandha dosage reddit,ashwagandha,True,new (no collision with keyword-map/queue/universe)
b complex dosage per day,b complex,True,new (no collision with keyword-map/queue/universe)
best glycine for weight loss,glycine,True,new (no collision with keyword-map/queue/universe)
best saffron holy basil rosemary for kids recipe,holy basil,True,new (no collision with keyword-map/queue/universe)
best l-theanine for sleep,l-theanine,True,new (no collision with keyword-map/queue/universe)
can you take l tryptophan with magnesium,l-tryptophan,True,new (no collision with keyword-map/queue/universe)
best time for l tyrosine,l-tyrosine,True,new (no collision with keyword-map/queue/universe)
lavender silexan for anxiety,lavender silexan,True,new (no collision with keyword-map/queue/universe)
best lemon balm for weight loss recipe,lemon balm,True,new (no collision with keyword-map/queue/universe)
best magnesium glycinate for sleep,magnesium glycinate,True,new (no collision with keyword-map/queue/universe)
best omega 3 fish oil for women,omega-3 fish oil,True,new (no collision with keyword-map/queue/universe)
best place for passionflower enshrouded,passionflower,True,new (no collision with keyword-map/queue/universe)
best probiotic for sleep,probiotic,True,new (no collision with keyword-map/queue/universe)
best rhodiola rosea to take,rhodiola rosea,True,new (no collision with keyword-map/queue/universe)
best saffron supplement for adhd,saffron extract,True,new (no collision with keyword-map/queue/universe)
can you take taurine while pregnant,taurine,True,new (no collision with keyword-map/queue/universe)
best valerian root to take,valerian root,True,new (no collision with keyword-map/queue/universe)
best vitamin d3 for teens,vitamin d3,True,new (no collision with keyword-map/queue/universe)
5 htp for sleep apnea,5-htp,True,new (no collision with keyword-map/queue/universe)
ashwagandha dosage timing,ashwagandha,True,new (no collision with keyword-map/queue/universe)
b complex for anxiety,b complex,True,new (no collision with keyword-map/queue/universe)
best glycine for women,glycine,True,new (no collision with keyword-map/queue/universe)
best substitute for holy basil,holy basil,True,new (no collision with keyword-map/queue/universe)
best l-theanine for stress,l-theanine,True,new (no collision with keyword-map/queue/universe)
can you take l-tryptophan and l-theanine together,l-tryptophan,True,new (no collision with keyword-map/queue/universe)
can you take l-tyrosine and l-theanine together,l-tyrosine,True,new (no collision with keyword-map/queue/universe)
silexan lavender for anxiety,lavender silexan,True,new (no collision with keyword-map/queue/universe)
best lemon balm for weight loss reddit,lemon balm,True,new (no collision with keyword-map/queue/universe)
best magnesium glycinate for stress,magnesium glycinate,True,new (no collision with keyword-map/queue/universe)
can you take omega 3 and cod liver oil together,omega-3 fish oil,True,new (no collision with keyword-map/queue/universe)
can you take ashwagandha and passionflower together,passionflower,True,new (no collision with keyword-map/queue/universe)
best probiotic for sleep reddit,probiotic,True,new (no collision with keyword-map/queue/universe)
best rhodiola.rosea supplement for cortisol,rhodiola rosea,True,new (no collision with keyword-map/queue/universe)
best saffron supplement for adhd kids,saffron extract,True,new (no collision with keyword-map/queue/universe)
can you take taurine with blood thinners,taurine,True,new (no collision with keyword-map/queue/universe)
can you take valerian root and ashwagandha together,valerian root,True,new (no collision with keyword-map/queue/universe)
best vitamin d3 for women,vitamin d3,True,new (no collision with keyword-map/queue/universe)
5 htp for sleep dose,5-htp,True,new (no collision with keyword-map/queue/universe)
ashwagandha dosage to lower cortisol,ashwagandha,True,new (no collision with keyword-map/queue/universe)
b complex for anxiety and depression,b complex,True,new (no collision with keyword-map/queue/universe)
best glycine form,glycine,True,new (no collision with keyword-map/queue/universe)
can you take holy basil and ashwagandha together,holy basil,True,new (no collision with keyword-map/queue/universe)
can you take l-theanine and ashwagandha together,l-theanine,True,new (no collision with keyword-map/queue/universe)
can you take l-tryptophan and magnesium glycinate together,l-tryptophan,True,new (no collision with keyword-map/queue/universe)
can you take l-tyrosine at night,l-tyrosine,True,new (no collision with keyword-map/queue/universe)
silexan lavender side effects,lavender silexan,True,new (no collision with keyword-map/queue/universe)
best lemon balm for weight loss reviews,lemon balm,True,new (no collision with keyword-map/queue/universe)
best magnesium glycinate for women,magnesium glycinate,True,new (no collision with keyword-map/queue/universe)
can you take omega 3 and fish oil together,omega-3 fish oil,True,new (no collision with keyword-map/queue/universe)
can you take passionflower during the day,passionflower,True,new (no collision with keyword-map/queue/universe)
best probiotic for stress,probiotic,True,new (no collision with keyword-map/queue/universe)
can you take rhodiola rosea at night,rhodiola rosea,True,new (no collision with keyword-map/queue/universe)
best saffron supplement for kids,saffron extract,True,new (no collision with keyword-map/queue/universe)
can you take taurine with eliquis,taurine,True,new (no collision with keyword-map/queue/universe)
can you take valerian root and magnesium glycinate together,valerian root,True,new (no collision with keyword-map/queue/universe)
best vitamin d3 for women over 40,vitamin d3,True,new (no collision with keyword-map/queue/universe)
5 htp for sleep kids,5-htp,True,new (no collision with keyword-map/queue/universe)
ashwagandha for anxiety,ashwagandha,True,new (no collision with keyword-map/queue/universe)
b complex for anxiety reddit,b complex,True,new (no collision with keyword-map/queue/universe)
best glycine in the market,glycine,True,new (no collision with keyword-map/queue/universe)
can you take holy basil and l theanine together,holy basil,True,new (no collision with keyword-map/queue/universe)
can you take l-theanine and l-threonate together,l-theanine,True,new (no collision with keyword-map/queue/universe)
does l tryptophan work for anxiety,l-tryptophan,True,new (no collision with keyword-map/queue/universe)
can you take l-tyrosine daily,l-tyrosine,True,new (no collision with keyword-map/queue/universe)
can you take lemon balm,lemon balm,True,new (no collision with keyword-map/queue/universe)
best magnesium glycinate for women over 50,magnesium glycinate,True,new (no collision with keyword-map/queue/universe)
can you take omega 3 fish oil at night,omega-3 fish oil,True,new (no collision with keyword-map/queue/universe)
can you take passionflower long term,passionflower,True,new (no collision with keyword-map/queue/universe)
best probiotic for stress and anxiety,probiotic,True,new (no collision with keyword-map/queue/universe)
can you take rhodiola rosea everyday,rhodiola rosea,True,new (no collision with keyword-map/queue/universe)
best saffron supplement for sleep,saffron extract,True,new (no collision with keyword-map/queue/universe)
can you take taurine with food,taurine,True,new (no collision with keyword-map/queue/universe)
can you take valerian root and magnesium together,valerian root,True,new (no collision with keyword-map/queue/universe)
best vitamin d3 for women over 50,vitamin d3,True,new (no collision with keyword-map/queue/universe)
5 htp for stress and anxiety,5-htp,True,new (no collision with keyword-map/queue/universe)
ashwagandha for anxiety and panic attacks,ashwagandha,True,new (no collision with keyword-map/queue/universe)
b complex for sleep,b complex,True,new (no collision with keyword-map/queue/universe)
can you take glycine and creatine together,glycine,True,new (no collision with keyword-map/queue/universe)
can you take holy basil and lemon balm together,holy basil,True,new (no collision with keyword-map/queue/universe)
can you take l-theanine and magnesium glycinate together,l-theanine,True,new (no collision with keyword-map/queue/universe)
does l tryptophan work for sleep,l-tryptophan,True,new (no collision with keyword-map/queue/universe)
can you take l-tyrosine everyday,l-tyrosine,True,new (no collision with keyword-map/queue/universe)
can you take lemon balm and ashwagandha together,lemon balm,True,new (no collision with keyword-map/queue/universe)
can you take magnesium glycinate and citrate together,magnesium glycinate,True,new (no collision with keyword-map/queue/universe)
can you take too much omega 3 fish oil,omega-3 fish oil,True,new (no collision with keyword-map/queue/universe)
can you take passionflower while breastfeeding,passionflower,True,new (no collision with keyword-map/queue/universe)
best probiotic for stress diarrhea,probiotic,True,new (no collision with keyword-map/queue/universe)
can you take rhodiola rosea long term,rhodiola rosea,True,new (no collision with keyword-map/queue/universe)
can you take saffron extract at night,saffron extract,True,new (no collision with keyword-map/queue/universe)
does taurine work for anxiety,taurine,True,new (no collision with keyword-map/queue/universe)
can you take valerian root during the day,valerian root,True,new (no collision with keyword-map/queue/universe)
calcium 1200 mg with vitamin d3,vitamin d3,True,new (no collision with keyword-map/queue/universe)
5 htp good for anxiety,5-htp,True,new (no collision with keyword-map/queue/universe)
ashwagandha for anxiety and sleep,ashwagandha,True,new (no collision with keyword-map/queue/universe)
b complex for sleep apnea,b complex,True,new (no collision with keyword-map/queue/universe)
can you take glycine and glutathione together,glycine,True,new (no collision with keyword-map/queue/universe)
can you take holy basil at night,holy basil,True,new (no collision with keyword-map/queue/universe)
can you take l-theanine everyday,l-theanine,True,new (no collision with keyword-map/queue/universe)
does l-tryptophan help with sleep,l-tryptophan,True,new (no collision with keyword-map/queue/universe)
can you take l-tyrosine with food,l-tyrosine,True,new (no collision with keyword-map/queue/universe)
can you take lemon balm and passion flower together,lemon balm,True,new (no collision with keyword-map/queue/universe)
can you take magnesium glycinate during the day,magnesium glycinate,True,new (no collision with keyword-map/queue/universe)
does fish oil help with anxiety,omega-3 fish oil,True,new (no collision with keyword-map/queue/universe)
can you take passionflower while pregnant,passionflower,True,new (no collision with keyword-map/queue/universe)
best probiotic for vaginal health,probiotic,True,new (no collision with keyword-map/queue/universe)
can you take rhodiola rosea on an empty stomach,rhodiola rosea,True,new (no collision with keyword-map/queue/universe)
can you take saffron extract everyday,saffron extract,True,new (no collision with keyword-map/queue/universe)
how long does taurine take to work for anxiety,taurine,True,new (no collision with keyword-map/queue/universe)
can you take valerian root long term,valerian root,True,new (no collision with keyword-map/queue/universe)
can you take vitamin d3 and b12 together,vitamin d3,True,new (no collision with keyword-map/queue/universe)
5 htp side effects headache,5-htp,True,new (no collision with keyword-map/queue/universe)
ashwagandha for anxiety and stress,ashwagandha,True,new (no collision with keyword-map/queue/universe)
b complex for sleep reddit,b complex,True,new (no collision with keyword-map/queue/universe)
can you take glycine and magnesium glycinate together,glycine,True,new (no collision with keyword-map/queue/universe)
can you take holy basil everyday,holy basil,True,new (no collision with keyword-map/queue/universe)
can you take l-theanine while breastfeeding,l-theanine,True,new (no collision with keyword-map/queue/universe)
is l-tryptophan good for sleep,l-tryptophan,True,new (no collision with keyword-map/queue/universe)
can you take l-tyrosine with levothyroxine,l-tyrosine,True,new (no collision with keyword-map/queue/universe)
can you take lemon balm at night,lemon balm,True,new (no collision with keyword-map/queue/universe)
can you take magnesium glycinate everyday,magnesium glycinate,True,new (no collision with keyword-map/queue/universe)
does fish oil help with stress,omega-3 fish oil,True,new (no collision with keyword-map/queue/universe)
can you take passionflower with alcohol,passionflower,True,new (no collision with keyword-map/queue/universe)
best probiotic for vaginal odor,probiotic,True,new (no collision with keyword-map/queue/universe)
can you take rhodiola rosea while breastfeeding,rhodiola rosea,True,new (no collision with keyword-map/queue/universe)
can you take saffron extract on an empty stomach,saffron extract,True,new (no collision with keyword-map/queue/universe)
how much taurine for anxiety,taurine,True,new (no collision with keyword-map/queue/universe)
can you take valerian root while breastfeeding,valerian root,True,new (no collision with keyword-map/queue/universe)
can you take vitamin d3 and calcium together,vitamin d3,True,new (no collision with keyword-map/queue/universe)
5 htp side effects liver,5-htp,True,new (no collision with keyword-map/queue/universe)
ashwagandha for anxiety attacks,ashwagandha,True,new (no collision with keyword-map/queue/universe)
b complex for stress,b complex,True,new (no collision with keyword-map/queue/universe)
can you take glycine during the day,glycine,True,new (no collision with keyword-map/queue/universe)
can you take holy basil in the morning,holy basil,True,new (no collision with keyword-map/queue/universe)
can you take l-theanine while pregnant,l-theanine,True,new (no collision with keyword-map/queue/universe)
l tryptophan benefits and side effects,l-tryptophan,True,new (no collision with keyword-map/queue/universe)
can you take l-tyrosine with thyroid medication,l-tyrosine,True,new (no collision with keyword-map/queue/universe)
can you take lemon balm everyday,lemon balm,True,new (no collision with keyword-map/queue/universe)
can you take magnesium glycinate in the morning,magnesium glycinate,True,new (no collision with keyword-map/queue/universe)
does omega 3 help with anxiety,omega-3 fish oil,True,new (no collision with keyword-map/queue/universe)
can you take passionflower with antidepressants,passionflower,True,new (no collision with keyword-map/queue/universe)
best probiotic for women,probiotic,True,new (no collision with keyword-map/queue/universe)
can you take rhodiola rosea while pregnant,rhodiola rosea,True,new (no collision with keyword-map/queue/universe)
can you take saffron extract while breastfeeding,saffron extract,True,new (no collision with keyword-map/queue/universe)
is taurine good for anxiety,taurine,True,new (no collision with keyword-map/queue/universe)
can you take valerian root while pregnant,valerian root,True,new (no collision with keyword-map/queue/universe)
can you take vitamin d3 and iron together,vitamin d3,True,new (no collision with keyword-map/queue/universe)
5 htp side effects women,5-htp,True,new (no collision with keyword-map/queue/universe)
ashwagandha for anxiety dose,ashwagandha,True,new (no collision with keyword-map/queue/universe)
b complex for stress and anxiety,b complex,True,new (no collision with keyword-map/queue/universe)
can you take glycine everyday,glycine,True,new (no collision with keyword-map/queue/universe)
can you take holy basil long term,holy basil,True,new (no collision with keyword-map/queue/universe)
can you take l-theanine with adderall,l-theanine,True,new (no collision with keyword-map/queue/universe)
l tryptophan dosage for anxiety,l-tryptophan,True,new (no collision with keyword-map/queue/universe)
can you take l-tyrosine with vyvanse,l-tyrosine,True,new (no collision with keyword-map/queue/universe)
can you take lemon balm if you have hypothyroidism,lemon balm,True,new (no collision with keyword-map/queue/universe)
can you take magnesium glycinate on an empty stomach,magnesium glycinate,True,new (no collision with keyword-map/queue/universe)
does omega 3 help with stress,omega-3 fish oil,True,new (no collision with keyword-map/queue/universe)
can you take passionflower with blood pressure medicine,passionflower,True,new (no collision with keyword-map/queue/universe)
can you take probiotic at night,probiotic,True,new (no collision with keyword-map/queue/universe)
can you take rhodiola rosea with ashwagandha,rhodiola rosea,True,new (no collision with keyword-map/queue/universe)
can you take saffron extract while pregnant,saffron extract,True,new (no collision with keyword-map/queue/universe)
is taurine good for stress,taurine,True,new (no collision with keyword-map/queue/universe)
can you take valerian root with lexapro,valerian root,True,new (no collision with keyword-map/queue/universe)
can you take vitamin d3 and k2 together,vitamin d3,True,new (no collision with keyword-map/queue/universe)
5 hydroxytryptophan for anxiety,5-htp,True,new (no collision with keyword-map/queue/universe)
ashwagandha for anxiety reddit,ashwagandha,True,new (no collision with keyword-map/queue/universe)
b complex for stress reddit,b complex,True,new (no collision with keyword-map/queue/universe)
can you take glycine in the morning,glycine,True,new (no collision with keyword-map/queue/universe)
can you take holy basil while breastfeeding,holy basil,True,new (no collision with keyword-map/queue/universe)
can you take l-theanine with magnesium,l-theanine,True,new (no collision with keyword-map/queue/universe)
l tryptophan dosage for anxiety reddit,l-tryptophan,True,new (no collision with keyword-map/queue/universe)
can you take l-tyrosine with wellbutrin,l-tyrosine,True,new (no collision with keyword-map/queue/universe)
can you take lemon balm while breastfeeding,lemon balm,True,new (no collision with keyword-map/queue/universe)
can you take magnesium glycinate while breastfeeding,magnesium glycinate,True,new (no collision with keyword-map/queue/universe)
is omega 3 fish oil good for stress,omega-3 fish oil,True,new (no collision with keyword-map/queue/universe)
does passionflower work for anxiety,passionflower,True,new (no collision with keyword-map/queue/universe)
can you take probiotics every day,probiotic,True,new (no collision with keyword-map/queue/universe)
can you take rhodiola rosea with eliquis,rhodiola rosea,True,new (no collision with keyword-map/queue/universe)
can you take saffron extract with antidepressants,saffron extract,True,new (no collision with keyword-map/queue/universe)
taurine and lemon balm for stress,taurine,True,new (no collision with keyword-map/queue/universe)
can you take valerian root with melatonin,valerian root,True,new (no collision with keyword-map/queue/universe)
can you take vitamin d3 and magnesium together,vitamin d3,True,new (no collision with keyword-map/queue/universe)
5-htp dosage,5-htp,True,new (no collision with keyword-map/queue/universe)
ashwagandha for anxiety reviews,ashwagandha,True,new (no collision with keyword-map/queue/universe)
b complex for stress relief,b complex,True,new (no collision with keyword-map/queue/universe)
can you take glycine on an empty stomach,glycine,True,new (no collision with keyword-map/queue/universe)
can you take holy basil while pregnant,holy basil,True,new (no collision with keyword-map/queue/universe)
can you take l-theanine with magnesium glycinate,l-theanine,True,new (no collision with keyword-map/queue/universe)
l tryptophan dosage for sleep reddit,l-tryptophan,True,new (no collision with keyword-map/queue/universe)
does l tyrosine help with anxiety,l-tyrosine,True,new (no collision with keyword-map/queue/universe)
can you take lemon balm while pregnant,lemon balm,True,new (no collision with keyword-map/queue/universe)
can you take magnesium glycinate while pregnant,magnesium glycinate,True,new (no collision with keyword-map/queue/universe)
omega 3 fish oil dosage chart,omega-3 fish oil,True,new (no collision with keyword-map/queue/universe)
does passionflower work for sleep,passionflower,True,new (no collision with keyword-map/queue/universe)
can you take probiotics on an empty stomach,probiotic,True,new (no collision with keyword-map/queue/universe)
can you take rhodiola rosea with wellbutrin,rhodiola rosea,True,new (no collision with keyword-map/queue/universe)
can you take saffron extract with fluoxetine,saffron extract,True,new (no collision with keyword-map/queue/universe)
taurine benefits for anxiety,taurine,True,new (no collision with keyword-map/queue/universe)
does valerian root work for anxiety,valerian root,True,new (no collision with keyword-map/queue/universe)
can you take vitamin d3 at night,vitamin d3,True,new (no collision with keyword-map/queue/universe)
5-htp dosage for anxiety,5-htp,True,new (no collision with keyword-map/queue/universe)
ashwagandha for anxiety side effects,ashwagandha,True,new (no collision with keyword-map/queue/universe)
b complex good for sleep,b complex,True,new (no collision with keyword-map/queue/universe)
can you take glycine while pregnant,glycine,True,new (no collision with keyword-map/queue/universe)
can you take holy basil with antidepressants,holy basil,True,new (no collision with keyword-map/queue/universe)
does l theanine work for sleep,l-theanine,True,new (no collision with keyword-map/queue/universe)
l tryptophan dosage reddit,l-tryptophan,True,new (no collision with keyword-map/queue/universe)
does l tyrosine work with adderall,l-tyrosine,True,new (no collision with keyword-map/queue/universe)
can you take lemon balm with eliquis,lemon balm,True,new (no collision with keyword-map/queue/universe)
can you take magnesium glycinate with blood pressure medication,magnesium glycinate,True,new (no collision with keyword-map/queue/universe)
omega 3 fish oil dosage for kids,omega-3 fish oil,True,new (no collision with keyword-map/queue/universe)
how long does it take passion flower to work for anxiety,passionflower,True,new (no collision with keyword-map/queue/universe)
can you take probiotics while breastfeeding,probiotic,True,new (no collision with keyword-map/queue/universe)
can you take rhodiola rosea with zoloft,rhodiola rosea,True,new (no collision with keyword-map/queue/universe)
can you take saffron extract with wellbutrin,saffron extract,True,new (no collision with keyword-map/queue/universe)
taurine benefits for stress,taurine,True,new (no collision with keyword-map/queue/universe)
does valerian root work for sleep,valerian root,True,new (no collision with keyword-map/queue/universe)
can you take vitamin d3 everyday,vitamin d3,True,new (no collision with keyword-map/queue/universe)
5-htp dosage for depression,5-htp,True,new (no collision with keyword-map/queue/universe)
ashwagandha for anxiety when to take,ashwagandha,True,new (no collision with keyword-map/queue/universe)
b complex side effects,b complex,True,new (no collision with keyword-map/queue/universe)
can you take glycine with food,glycine,True,new (no collision with keyword-map/queue/universe)
does holy basil help with weight loss,holy basil,True,new (no collision with keyword-map/queue/universe)
does l-theanine work for anxiety,l-theanine,True,new (no collision with keyword-map/queue/universe)
l tryptophan for anxiety and depression,l-tryptophan,True,new (no collision with keyword-map/queue/universe)
does l-tyrosine help with depression,l-tyrosine,True,new (no collision with keyword-map/queue/universe)
can you take lemon balm with magnesium,lemon balm,True,new (no collision with keyword-map/queue/universe)
can you take magnesium glycinate with melatonin,magnesium glycinate,True,new (no collision with keyword-map/queue/universe)
omega 3 fish oil dosage for men,omega-3 fish oil,True,new (no collision with keyword-map/queue/universe)
is passionflower good for anxiety,passionflower,True,new (no collision with keyword-map/queue/universe)
can you take probiotics while pregnant,probiotic,True,new (no collision with keyword-map/queue/universe)
how long can you take rhodiola rosea,rhodiola rosea,True,new (no collision with keyword-map/queue/universe)
does saffron extract work for anxiety,saffron extract,True,new (no collision with keyword-map/queue/universe)
taurine dosage,taurine,True,new (no collision with keyword-map/queue/universe)
does valerian root work right away for sleep,valerian root,True,new (no collision with keyword-map/queue/universe)
can you take vitamin d3 k2 and magnesium together,vitamin d3,True,new (no collision with keyword-map/queue/universe)
5-htp dosage for depression and anxiety,5-htp,True,new (no collision with keyword-map/queue/universe)
ashwagandha for sleep,ashwagandha,True,new (no collision with keyword-map/queue/universe)
b complex side effects anxiety,b complex,True,new (no collision with keyword-map/queue/universe)
can you take glycine with magnesium glycinate,glycine,True,new (no collision with keyword-map/queue/universe)
does holy basil work for anxiety,holy basil,True,new (no collision with keyword-map/queue/universe)
how long does l theanine take to work for anxiety,l-theanine,True,new (no collision with keyword-map/queue/universe)
l tryptophan for anxiety reddit,l-tryptophan,True,new (no collision with keyword-map/queue/universe)
is l-tyrosine good for stress,l-tyrosine,True,new (no collision with keyword-map/queue/universe)
does lemon balm work for anxiety,lemon balm,True,new (no collision with keyword-map/queue/universe)
does magnesium glycinate work for sleep,magnesium glycinate,True,new (no collision with keyword-map/queue/universe)
omega 3 fish oil dosage for seniors,omega-3 fish oil,True,new (no collision with keyword-map/queue/universe)
is passionflower good.for stress,passionflower,True,new (no collision with keyword-map/queue/universe)
can you take probiotics while taking antibiotics,probiotic,True,new (no collision with keyword-map/queue/universe)
rhodiola rosea benefits for anxiety,rhodiola rosea,True,new (no collision with keyword-map/queue/universe)
does saffron help with anxiety,saffron extract,True,new (no collision with keyword-map/queue/universe)
taurine dosage for anxiety,taurine,True,new (no collision with keyword-map/queue/universe)
how long does valerian root take to work for anxiety,valerian root,True,new (no collision with keyword-map/queue/universe)
can you take vitamin d3 on an empty stomach,vitamin d3,True,new (no collision with keyword-map/queue/universe)
5-htp dosage for depression and anxiety reddit,5-htp,True,new (no collision with keyword-map/queue/universe)
ashwagandha for sleep and anxiety,ashwagandha,True,new (no collision with keyword-map/queue/universe)
b complex side effects for men,b complex,True,new (no collision with keyword-map/queue/universe)
does glycine work for anxiety,glycine,True,new (no collision with keyword-map/queue/universe)
holy basil benefits for sleep,holy basil,True,new (no collision with keyword-map/queue/universe)
how long does l-theanine take to work for sleep,l-theanine,True,new (no collision with keyword-map/queue/universe)
l tryptophan for sleep apnea,l-tryptophan,True,new (no collision with keyword-map/queue/universe)
l tyrosine benefits for anxiety,l-tyrosine,True,new (no collision with keyword-map/queue/universe)
does lemon balm work for sleep,lemon balm,True,new (no collision with keyword-map/queue/universe)
does magnesium glycinate work right away for sleep,magnesium glycinate,True,new (no collision with keyword-map/queue/universe)
omega 3 fish oil dosage for women,omega-3 fish oil,True,new (no collision with keyword-map/queue/universe)
passiflora side effects,passionflower,True,new (no collision with keyword-map/queue/universe)
can you take probiotics with food,probiotic,True,new (no collision with keyword-map/queue/universe)
rhodiola rosea benefits for sleep,rhodiola rosea,True,new (no collision with keyword-map/queue/universe)
how long can you take saffron extract,saffron extract,True,new (no collision with keyword-map/queue/universe)
taurine dosage for eyes,taurine,True,new (no collision with keyword-map/queue/universe)
is valerian good for stress,valerian root,True,new (no collision with keyword-map/queue/universe)
can you take vitamin d3 while pregnant,vitamin d3,True,new (no collision with keyword-map/queue/universe)
5-htp dosage for sleep,5-htp,True,new (no collision with keyword-map/queue/universe)
ashwagandha for sleep apnea,ashwagandha,True,new (no collision with keyword-map/queue/universe)
b complex side effects for women,b complex,True,new (no collision with keyword-map/queue/universe)
does glycine work for sleep,glycine,True,new (no collision with keyword-map/queue/universe)
holy basil best form,holy basil,True,new (no collision with keyword-map/queue/universe)
l theanine for anxiety and adhd,l-theanine,True,new (no collision with keyword-map/queue/universe)
l tryptophan for sleep dosage,l-tryptophan,True,new (no collision with keyword-map/queue/universe)
l tyrosine benefits for sleep,l-tyrosine,True,new (no collision with keyword-map/queue/universe)
does lemon balm work for stress,lemon balm,True,new (no collision with keyword-map/queue/universe)
how long does magnesium glycinate take to work for sleep,magnesium glycinate,True,new (no collision with keyword-map/queue/universe)
omega 3 fish oil dosage high triglycerides,omega-3 fish oil,True,new (no collision with keyword-map/queue/universe)
passiflora side effects uk,passionflower,True,new (no collision with keyword-map/queue/universe)
can you take probiotics with other vitamins,probiotic,True,new (no collision with keyword-map/queue/universe)
rhodiola rosea best form,rhodiola rosea,True,new (no collision with keyword-map/queue/universe)
is saffron extract good for sleep,saffron extract,True,new (no collision with keyword-map/queue/universe)
taurine dosage for fatty liver,taurine,True,new (no collision with keyword-map/queue/universe)
is valerian root good for stress,valerian root,True,new (no collision with keyword-map/queue/universe)
does vitamin d3 work better with k2,vitamin d3,True,new (no collision with keyword-map/queue/universe)
5-htp dosage for weight loss,5-htp,True,new (no collision with keyword-map/queue/universe)
ashwagandha for sleep dosage,ashwagandha,True,new (no collision with keyword-map/queue/universe)
b complex side effects headache,b complex,True,new (no collision with keyword-map/queue/universe)
does glycine work for sleep reddit,glycine,True,new (no collision with keyword-map/queue/universe)
holy basil dosage,holy basil,True,new (no collision with keyword-map/queue/universe)
l theanine for anxiety and stress,l-theanine,True,new (no collision with keyword-map/queue/universe)
l tryptophan for sleep kids,l-tryptophan,True,new (no collision with keyword-map/queue/universe)
l tyrosine best form,l-tyrosine,True,new (no collision with keyword-map/queue/universe)
lemon balm benefits for stress,lemon balm,True,new (no collision with keyword-map/queue/universe)
magnesium glycinate dosage,magnesium glycinate,True,new (no collision with keyword-map/queue/universe)
omega 3 fish oil dosage per day,omega-3 fish oil,True,new (no collision with keyword-map/queue/universe)
passion flower dosage for anxiety reddit,passionflower,True,new (no collision with keyword-map/queue/universe)
probiotic dosage,probiotic,True,new (no collision with keyword-map/queue/universe)
rhodiola rosea dosage,rhodiola rosea,True,new (no collision with keyword-map/queue/universe)
is saffron good for stress,saffron extract,True,new (no collision with keyword-map/queue/universe)
taurine dosage for men,taurine,True,new (no collision with keyword-map/queue/universe)
valerian root dosage,valerian root,True,new (no collision with keyword-map/queue/universe)
vitamin d dose for stress fracture,vitamin d3,True,new (no collision with keyword-map/queue/universe)
5-htp dosage reddit,5-htp,True,new (no collision with keyword-map/queue/universe)
ashwagandha for sleep or energy,ashwagandha,True,new (no collision with keyword-map/queue/universe)
b complex side effects in hindi,b complex,True,new (no collision with keyword-map/queue/universe)
does glycine work right away for sleep,glycine,True,new (no collision with keyword-map/queue/universe)
holy basil dosage for adrenal fatigue,holy basil,True,new (no collision with keyword-map/queue/universe)
l theanine for anxiety attacks,l-theanine,True,new (no collision with keyword-map/queue/universe)
l tryptophan for sleep reviews,l-tryptophan,True,new (no collision with keyword-map/queue/universe)
l tyrosine dosage for anxiety,l-tyrosine,True,new (no collision with keyword-map/queue/universe)
lemon balm dosage,lemon balm,True,new (no collision with keyword-map/queue/universe)
magnesium glycinate dosage for adults,magnesium glycinate,True,new (no collision with keyword-map/queue/universe)
omega 3 fish oil for anxiety,omega-3 fish oil,True,new (no collision with keyword-map/queue/universe)
passion flower dosage for insomnia,passionflower,True,new (no collision with keyword-map/queue/universe)
probiotic dosage for 3 year old,probiotic,True,new (no collision with keyword-map/queue/universe)
rhodiola rosea dosage for adhd,rhodiola rosea,True,new (no collision with keyword-map/queue/universe)
saffron benefits for anxiety,saffron extract,True,new (no collision with keyword-map/queue/universe)
taurine dosage for sleep,taurine,True,new (no collision with keyword-map/queue/universe)
valerian root dosage for adhd,valerian root,True,new (no collision with keyword-map/queue/universe)
vitamin d for anxiety,vitamin d3,True,new (no collision with keyword-map/queue/universe)
5-htp for anxiety,5-htp,True,new (no collision with keyword-map/queue/universe)
ashwagandha for sleep reddit,ashwagandha,True,new (no collision with keyword-map/queue/universe)
b complex side effects in pregnancy,b complex,True,new (no collision with keyword-map/queue/universe)
glycine benefits for anxiety,glycine,True,new (no collision with keyword-map/queue/universe)
holy basil dosage for anxiety,holy basil,True,new (no collision with keyword-map/queue/universe)
l theanine for anxiety reviews wholisticresearch,l-theanine,True,new (no collision with keyword-map/queue/universe)
l tryptophan for sleep side effects,l-tryptophan,True,new (no collision with keyword-map/queue/universe)
l tyrosine dosage for stress,l-tyrosine,True,new (no collision with keyword-map/queue/universe)
lemon balm dosage for anxiety,lemon balm,True,new (no collision with keyword-map/queue/universe)
magnesium glycinate dosage for anxiety,magnesium glycinate,True,new (no collision with keyword-map/queue/universe)
omega 3 fish oil for sleep,omega-3 fish oil,True,new (no collision with keyword-map/queue/universe)
passion flower dosage for kids,passionflower,True,new (no collision with keyword-map/queue/universe)
probiotic dosage for 7 year old,probiotic,True,new (no collision with keyword-map/queue/universe)
rhodiola rosea dosage for anxiety,rhodiola rosea,True,new (no collision with keyword-map/queue/universe)
saffron dosage for sleep,saffron extract,True,new (no collision with keyword-map/queue/universe)
taurine dosage for sleep reddit,taurine,True,new (no collision with keyword-map/queue/universe)
valerian root dosage for anxiety,valerian root,True,new (no collision with keyword-map/queue/universe)
vitamin d for anxiety and depression,vitamin d3,True,new (no collision with keyword-map/queue/universe)
5-htp for anxiety reddit,5-htp,True,new (no collision with keyword-map/queue/universe)
ashwagandha for sleep reviews,ashwagandha,True,new (no collision with keyword-map/queue/universe)
b complex side effects reddit,b complex,True,new (no collision with keyword-map/queue/universe)
glycine dosage and timing,glycine,True,new (no collision with keyword-map/queue/universe)
holy basil dosage for kids,holy basil,True,new (no collision with keyword-map/queue/universe)
l theanine for sleep kids,l-theanine,True,new (no collision with keyword-map/queue/universe)
l tryptophan for stress,l-tryptophan,True,new (no collision with keyword-map/queue/universe)
l tyrosine for anxiety and depression,l-tyrosine,True,new (no collision with keyword-map/queue/universe)
lemon balm dosage for child,lemon balm,True,new (no collision with keyword-map/queue/universe)
magnesium glycinate dosage for kids,magnesium glycinate,True,new (no collision with keyword-map/queue/universe)
omega 3 fish oil for stress,omega-3 fish oil,True,new (no collision with keyword-map/queue/universe)
passion flower dosage for sleep reddit,passionflower,True,new (no collision with keyword-map/queue/universe)
probiotic dosage for adults,probiotic,True,new (no collision with keyword-map/queue/universe)
rhodiola rosea dosage for cortisol,rhodiola rosea,True,new (no collision with keyword-map/queue/universe)
saffron extract benefits for sleep,saffron extract,True,new (no collision with keyword-map/queue/universe)
taurine dosage per day,taurine,True,new (no collision with keyword-map/queue/universe)
valerian root dosage for anxiety reddit,valerian root,True,new (no collision with keyword-map/queue/universe)
vitamin d for anxiety dosage,vitamin d3,True,new (no collision with keyword-map/queue/universe)
5-htp for anxiety reviews,5-htp,True,new (no collision with keyword-map/queue/universe)
ashwagandha for sleep side effects,ashwagandha,True,new (no collision with keyword-map/queue/universe)
b complex side effects skin,b complex,True,new (no collision with keyword-map/queue/universe)
glycine dosage for anxiety,glycine,True,new (no collision with keyword-map/queue/universe)
holy basil dosage for sleep,holy basil,True,new (no collision with keyword-map/queue/universe)
l theanine for sleep when to take,l-theanine,True,new (no collision with keyword-map/queue/universe)
l tryptophan negative side effects,l-tryptophan,True,new (no collision with keyword-map/queue/universe)
l tyrosine for anxiety reddit,l-tyrosine,True,new (no collision with keyword-map/queue/universe)
lemon balm dosage for sleep,lemon balm,True,new (no collision with keyword-map/queue/universe)
magnesium glycinate dosage for men,magnesium glycinate,True,new (no collision with keyword-map/queue/universe)
omega 3 fish oil good for anxiety,omega-3 fish oil,True,new (no collision with keyword-map/queue/universe)
passion flower for anxiety and depression,passionflower,True,new (no collision with keyword-map/queue/universe)
probiotic dosage for diarrhea,probiotic,True,new (no collision with keyword-map/queue/universe)
rhodiola rosea dosage for men,rhodiola rosea,True,new (no collision with keyword-map/queue/universe)
saffron extract dosage,saffron extract,True,new (no collision with keyword-map/queue/universe)
taurine dose for anxiety reddit,taurine,True,new (no collision with keyword-map/queue/universe)
valerian root dosage for high blood pressure,valerian root,True,new (no collision with keyword-map/queue/universe)
vitamin d for anxiety reddit,vitamin d3,True,new (no collision with keyword-map/queue/universe)
5-htp for sleep,5-htp,True,new (no collision with keyword-map/queue/universe)
ashwagandha for sleep when to take,ashwagandha,True,new (no collision with keyword-map/queue/universe)
b complex side effects urine,b complex,True,new (no collision with keyword-map/queue/universe)
glycine dosage for diabetes,glycine,True,new (no collision with keyword-map/queue/universe)
holy basil dosage for weight loss,holy basil,True,new (no collision with keyword-map/queue/universe)
l theanine for sleep with magnesium glycinate,l-theanine,True,new (no collision with keyword-map/queue/universe)
l tryptophan side effects in cats,l-tryptophan,True,new (no collision with keyword-map/queue/universe)
l tyrosine for anxiety reviews,l-tyrosine,True,new (no collision with keyword-map/queue/universe)
lemon balm dosage for sleep reddit,lemon balm,True,new (no collision with keyword-map/queue/universe)
magnesium glycinate dosage for sleep,magnesium glycinate,True,new (no collision with keyword-map/queue/universe)
omega 3 fish oil good for sleep,omega-3 fish oil,True,new (no collision with keyword-map/queue/universe)
passion flower for anxiety reviews reddit,passionflower,True,new (no collision with keyword-map/queue/universe)
probiotic dosage for kids,probiotic,True,new (no collision with keyword-map/queue/universe)
rhodiola rosea dosage for stress,rhodiola rosea,True,new (no collision with keyword-map/queue/universe)
saffron extract dosage for adhd,saffron extract,True,new (no collision with keyword-map/queue/universe)
taurine for anxiety,taurine,True,new (no collision with keyword-map/queue/universe)
valerian root dosage for insomnia,valerian root,True,new (no collision with keyword-map/queue/universe)
vitamin d for anxiety reviews,vitamin d3,True,new (no collision with keyword-map/queue/universe)
5-htp for sleep and anxiety,5-htp,True,new (no collision with keyword-map/queue/universe)
ashwagandha for sleep women,ashwagandha,True,new (no collision with keyword-map/queue/universe)
b complex vs b12,b complex,True,new (no collision with keyword-map/queue/universe)
glycine dosage for skin,glycine,True,new (no collision with keyword-map/queue/universe)
holy basil dosage per day,holy basil,True,new (no collision with keyword-map/queue/universe)
l theanine for stress and anxiety reddit,l-theanine,True,new (no collision with keyword-map/queue/universe)
l tryptophan side effects in dogs,l-tryptophan,True,new (no collision with keyword-map/queue/universe)
l tyrosine for sleep deprivation,l-tyrosine,True,new (no collision with keyword-map/queue/universe)
lemon balm dosage for weight loss,lemon balm,True,new (no collision with keyword-map/queue/universe)
magnesium glycinate dosage for sleep reddit,magnesium glycinate,True,new (no collision with keyword-map/queue/universe)
omega 3 fish oil side effects,omega-3 fish oil,True,new (no collision with keyword-map/queue/universe)
passion flower for anxiety side effects,passionflower,True,new (no collision with keyword-map/queue/universe)
probiotic dosage for women,probiotic,True,new (no collision with keyword-map/queue/universe)
rhodiola rosea dosage for weight loss,rhodiola rosea,True,new (no collision with keyword-map/queue/universe)
saffron extract dosage for adults,saffron extract,True,new (no collision with keyword-map/queue/universe)
taurine for anxiety and depression,taurine,True,new (no collision with keyword-map/queue/universe)
valerian root dosage for muscle relaxant,valerian root,True,new (no collision with keyword-map/queue/universe)
vitamin d for sleep,vitamin d3,True,new (no collision with keyword-map/queue/universe)
5-htp for sleep dosage,5-htp,True,new (no collision with keyword-map/queue/universe)
ashwagandha for stress,ashwagandha,True,new (no collision with keyword-map/queue/universe)
b complex vs b12 supplement,b complex,True,new (no collision with keyword-map/queue/universe)
glycine dosage for sleep,glycine,True,new (no collision with keyword-map/queue/universe)
holy basil dosage reddit,holy basil,True,new (no collision with keyword-map/queue/universe)
l theanine for stress dosage,l-theanine,True,new (no collision with keyword-map/queue/universe)
l tryptophan side effects mayo clinic,l-tryptophan,True,new (no collision with keyword-map/queue/universe)
l tyrosine for sleep reddit,l-tyrosine,True,new (no collision with keyword-map/queue/universe)
lemon balm dosage per day,lemon balm,True,new (no collision with keyword-map/queue/universe)
magnesium glycinate dosage for sleep women,magnesium glycinate,True,new (no collision with keyword-map/queue/universe)
omega 3 fish oil side effects blood pressure,omega-3 fish oil,True,new (no collision with keyword-map/queue/universe)
passion flower for sleep aid,passionflower,True,new (no collision with keyword-map/queue/universe)
probiotic dosage per day,probiotic,True,new (no collision with keyword-map/queue/universe)
rhodiola rosea dosage for women,rhodiola rosea,True,new (no collision with keyword-map/queue/universe)
saffron extract dosage for anxiety,saffron extract,True,new (no collision with keyword-map/queue/universe)
taurine for anxiety dosage,taurine,True,new (no collision with keyword-map/queue/universe)
valerian root dosage for sleep,valerian root,True,new (no collision with keyword-map/queue/universe)
vitamin d for sleep apnea,vitamin d3,True,new (no collision with keyword-map/queue/universe)
5-htp for sleep reddit,5-htp,True,new (no collision with keyword-map/queue/universe)
ashwagandha for stress and anxiety,ashwagandha,True,new (no collision with keyword-map/queue/universe)
b complex vs b12 vitamins,b complex,True,new (no collision with keyword-map/queue/universe)
glycine dosage for sleep reddit,glycine,True,new (no collision with keyword-map/queue/universe)
holy basil extract for anxiety,holy basil,True,new (no collision with keyword-map/queue/universe)
l theanine for stress management,l-theanine,True,new (no collision with keyword-map/queue/universe)
l tryptophan supplement for anxiety,l-tryptophan,True,new (no collision with keyword-map/queue/universe)
l tyrosine for stress,l-tyrosine,True,new (no collision with keyword-map/queue/universe)
lemon balm dosage reddit,lemon balm,True,new (no collision with keyword-map/queue/universe)
magnesium glycinate dosage for women,magnesium glycinate,True,new (no collision with keyword-map/queue/universe)
omega 3 fish oil side effects for men,omega-3 fish oil,True,new (no collision with keyword-map/queue/universe)
passion flower for sleep side effects,passionflower,True,new (no collision with keyword-map/queue/universe)
probiotic for anxiety,probiotic,True,new (no collision with keyword-map/queue/universe)
rhodiola rosea dosage huberman,rhodiola rosea,True,new (no collision with keyword-map/queue/universe)
saffron extract dosage for kids,saffron extract,True,new (no collision with keyword-map/queue/universe)
taurine for anxiety reddit,taurine,True,new (no collision with keyword-map/queue/universe)
valerian root dosage reddit,valerian root,True,new (no collision with keyword-map/queue/universe)
vitamin d for sleep disorder,vitamin d3,True,new (no collision with keyword-map/queue/universe)
5-htp for sleep reviews,5-htp,True,new (no collision with keyword-map/queue/universe)
ashwagandha for stress and anxiety reddit,ashwagandha,True,new (no collision with keyword-map/queue/universe)
b complex vs b50,b complex,True,new (no collision with keyword-map/queue/universe)
glycine dosage for weight loss,glycine,True,new (no collision with keyword-map/queue/universe)
holy basil extract for sleep,holy basil,True,new (no collision with keyword-map/queue/universe)
l theanine for stress reddit,l-theanine,True,new (no collision with keyword-map/queue/universe)
l tryptophan supplement for sleep,l-tryptophan,True,new (no collision with keyword-map/queue/universe)
l tyrosine for stress reddit,l-tyrosine,True,new (no collision with keyword-map/queue/universe)
lemon balm drops for stress,lemon balm,True,new (no collision with keyword-map/queue/universe)
magnesium glycinate dosage reddit,magnesium glycinate,True,new (no collision with keyword-map/queue/universe)
omega 3 fish oil side effects for women,omega-3 fish oil,True,new (no collision with keyword-map/queue/universe)
passion flower for stress and anxiety,passionflower,True,new (no collision with keyword-map/queue/universe)
probiotic for anxiety and depression,probiotic,True,new (no collision with keyword-map/queue/universe)
rhodiola rosea dosage per day,rhodiola rosea,True,new (no collision with keyword-map/queue/universe)
saffron extract dosage reddit,saffron extract,True,new (no collision with keyword-map/queue/universe)
taurine for anxiety reviews,taurine,True,new (no collision with keyword-map/queue/universe)
valerian root extract for stress,valerian root,True,new (no collision with keyword-map/queue/universe)
vitamin d for sleep quality,vitamin d3,True,new (no collision with keyword-map/queue/universe)
5-htp for sleep when to take,5-htp,True,new (no collision with keyword-map/queue/universe)
ashwagandha for stress and anxiety reviews,ashwagandha,True,new (no collision with keyword-map/queue/universe)
b complex vs b6,b complex,True,new (no collision with keyword-map/queue/universe)
glycine dosage per day,glycine,True,new (no collision with keyword-map/queue/universe)
holy basil for anxiety,holy basil,True,new (no collision with keyword-map/queue/universe)
l theanine good for stress,l-theanine,True,new (no collision with keyword-map/queue/universe)
l tryptophan supplement side effects,l-tryptophan,True,new (no collision with keyword-map/queue/universe)
l tyrosine good for anxiety,l-tyrosine,True,new (no collision with keyword-map/queue/universe)
lemon balm extract for stress,lemon balm,True,new (no collision with keyword-map/queue/universe)
magnesium glycinate for anxiety,magnesium glycinate,True,new (no collision with keyword-map/queue/universe)
omega 3 fish oil side effects in hindi,omega-3 fish oil,True,new (no collision with keyword-map/queue/universe)
passion flower for stress relief,passionflower,True,new (no collision with keyword-map/queue/universe)
probiotic for anxiety in dogs,probiotic,True,new (no collision with keyword-map/queue/universe)
rhodiola rosea dosage reddit,rhodiola rosea,True,new (no collision with keyword-map/queue/universe)
saffron extract for anxiety,saffron extract,True,new (no collision with keyword-map/queue/universe)
taurine for sleep,taurine,True,new (no collision with keyword-map/queue/universe)
valerian root for anxiety,valerian root,True,new (no collision with keyword-map/queue/universe)
vitamin d for sleep reddit,vitamin d3,True,new (no collision with keyword-map/queue/universe)
5-htp side effects,5-htp,True,new (no collision with keyword-map/queue/universe)
ashwagandha for stress and cortisol,ashwagandha,True,new (no collision with keyword-map/queue/universe)
b complex vs methylated b complex,b complex,True,new (no collision with keyword-map/queue/universe)
glycine dosage reddit,glycine,True,new (no collision with keyword-map/queue/universe)
holy basil for anxiety and depression,holy basil,True,new (no collision with keyword-map/queue/universe)
l'theanine for stress hormones,l-theanine,True,new (no collision with keyword-map/queue/universe)
l tryptophan vs ashwagandha,l-tryptophan,True,new (no collision with keyword-map/queue/universe)
l tyrosine good for sleep,l-tyrosine,True,new (no collision with keyword-map/queue/universe)
lemon balm for anxiety,lemon balm,True,new (no collision with keyword-map/queue/universe)
magnesium glycinate for anxiety and depression,magnesium glycinate,True,new (no collision with keyword-map/queue/universe)
omega 3 fish oil side effects kidney,omega-3 fish oil,True,new (no collision with keyword-map/queue/universe)
passion flower side effects and benefits,passionflower,True,new (no collision with keyword-map/queue/universe)
probiotic for anxiety kids,probiotic,True,new (no collision with keyword-map/queue/universe)
rhodiola rosea extract for stress,rhodiola rosea,True,new (no collision with keyword-map/queue/universe)
saffron extract for anxiety and depression,saffron extract,True,new (no collision with keyword-map/queue/universe)
taurine for sleep aid,taurine,True,new (no collision with keyword-map/queue/universe)
valerian root for anxiety and depression,valerian root,True,new (no collision with keyword-map/queue/universe)
vitamin d for sleepiness,vitamin d3,True,new (no collision with keyword-map/queue/universe)
5-htp side effects and benefits,5-htp,True,new (no collision with keyword-map/queue/universe)
ashwagandha for stress and sleep,ashwagandha,True,new (no collision with keyword-map/queue/universe)
b complex vs multivitamin,b complex,True,new (no collision with keyword-map/queue/universe)
glycine for anxiety,glycine,True,new (no collision with keyword-map/queue/universe)
holy basil for anxiety reddit,holy basil,True,new (no collision with keyword-map/queue/universe)
l-theanine and magnesium for sleep,l-theanine,True,new (no collision with keyword-map/queue/universe)
l tryptophan vs gaba,l-tryptophan,True,new (no collision with keyword-map/queue/universe)
l tyrosine side effects adhd,l-tyrosine,True,new (no collision with keyword-map/queue/universe)
lemon balm for anxiety amazon,lemon balm,True,new (no collision with keyword-map/queue/universe)
magnesium glycinate for anxiety and insomnia,magnesium glycinate,True,new (no collision with keyword-map/queue/universe)
omega 3 fish oil side effects malayalam,omega-3 fish oil,True,new (no collision with keyword-map/queue/universe)
passion flower side effects kidney,passionflower,True,new (no collision with keyword-map/queue/universe)
probiotic for anxiety reddit,probiotic,True,new (no collision with keyword-map/queue/universe)
rhodiola rosea extract for stress energy & focus,rhodiola rosea,True,new (no collision with keyword-map/queue/universe)
saffron extract for anxiety reddit,saffron extract,True,new (no collision with keyword-map/queue/universe)
taurine for sleep and anxiety,taurine,True,new (no collision with keyword-map/queue/universe)
valerian root for anxiety and sleep,valerian root,True,new (no collision with keyword-map/queue/universe)
vitamin d for stress,vitamin d3,True,new (no collision with keyword-map/queue/universe)
5-htp side effects heart,5-htp,True,new (no collision with keyword-map/queue/universe)
ashwagandha for stress management,ashwagandha,True,new (no collision with keyword-map/queue/universe)
b complex vs super b complex,b complex,True,new (no collision with keyword-map/queue/universe)
glycine for anxiety and depression,glycine,True,new (no collision with keyword-map/queue/universe)
holy basil for anxiety reviews,holy basil,True,new (no collision with keyword-map/queue/universe)
l-theanine dosage,l-theanine,True,new (no collision with keyword-map/queue/universe)
l-tryptophan dosage,l-tryptophan,True,new (no collision with keyword-map/queue/universe)
l tyrosine side effects anxiety,l-tyrosine,True,new (no collision with keyword-map/queue/universe)
lemon balm for anxiety and depression,lemon balm,True,new (no collision with keyword-map/queue/universe)
magnesium glycinate for anxiety and sleep,magnesium glycinate,True,new (no collision with keyword-map/queue/universe)
omega 3 fish oil side effects on skin,omega-3 fish oil,True,new (no collision with keyword-map/queue/universe)
passion flower side effects liver,passionflower,True,new (no collision with keyword-map/queue/universe)
probiotic for sleep,probiotic,True,new (no collision with keyword-map/queue/universe)
rhodiola rosea extract for stress energy‎,rhodiola rosea,True,new (no collision with keyword-map/queue/universe)
saffron extract for anxiety relief,saffron extract,True,new (no collision with keyword-map/queue/universe)
taurine for sleep apnea,taurine,True,new (no collision with keyword-map/queue/universe)
valerian root for anxiety dosage,valerian root,True,new (no collision with keyword-map/queue/universe)
vitamin d for stress and anxiety,vitamin d3,True,new (no collision with keyword-map/queue/universe)
5-htp side effects long term use,5-htp,True,new (no collision with keyword-map/queue/universe)
ashwagandha for stress reddit,ashwagandha,True,new (no collision with keyword-map/queue/universe)
b complex with c,b complex,True,new (no collision with keyword-map/queue/universe)
glycine for anxiety and sleep,glycine,True,new (no collision with keyword-map/queue/universe)
holy basil for sleep,holy basil,True,new (no collision with keyword-map/queue/universe)
l-theanine dosage 600 mg,l-theanine,True,new (no collision with keyword-map/queue/universe)
l-tryptophan dosage for anxiety,l-tryptophan,True,new (no collision with keyword-map/queue/universe)
l tyrosine side effects heart,l-tyrosine,True,new (no collision with keyword-map/queue/universe)
lemon balm for anxiety and sleep,lemon balm,True,new (no collision with keyword-map/queue/universe)
magnesium glycinate for anxiety and stress,magnesium glycinate,True,new (no collision with keyword-map/queue/universe)
omega 3 fish oil side effects reddit,omega-3 fish oil,True,new (no collision with keyword-map/queue/universe)
passion flower side effects liver reddit,passionflower,True,new (no collision with keyword-map/queue/universe)
probiotic for sleep reddit,probiotic,True,new (no collision with keyword-map/queue/universe)
rhodiola rosea for anxiety,rhodiola rosea,True,new (no collision with keyword-map/queue/universe)
saffron extract for sleep,saffron extract,True,new (no collision with keyword-map/queue/universe)
taurine for sleep deprivation,taurine,True,new (no collision with keyword-map/queue/universe)
valerian root for anxiety dose,valerian root,True,new (no collision with keyword-map/queue/universe)
vitamin d for stress fractures,vitamin d3,True,new (no collision with keyword-map/queue/universe)
5-htp side effects reddit,5-htp,True,new (no collision with keyword-map/queue/universe)
ashwagandha for stress relief,ashwagandha,True,new (no collision with keyword-map/queue/universe)
b vitamins for anxiety,b complex,True,new (no collision with keyword-map/queue/universe)
glycine for anxiety dose,glycine,True,new (no collision with keyword-map/queue/universe)
holy basil for sleep reddit,holy basil,True,new (no collision with keyword-map/queue/universe)
l-theanine dosage for adhd,l-theanine,True,new (no collision with keyword-map/queue/universe)
l-tryptophan dosage for anxiety reddit,l-tryptophan,True,new (no collision with keyword-map/queue/universe)
l tyrosine side effects long term,l-tyrosine,True,new (no collision with keyword-map/queue/universe)
lemon balm for anxiety dosage,lemon balm,True,new (no collision with keyword-map/queue/universe)
magnesium glycinate for anxiety dose,magnesium glycinate,True,new (no collision with keyword-map/queue/universe)
omega 3 fish oil side effects tamil,omega-3 fish oil,True,new (no collision with keyword-map/queue/universe)
passion flower side effects long term,passionflower,True,new (no collision with keyword-map/queue/universe)
probiotic for stress,probiotic,True,new (no collision with keyword-map/queue/universe)
rhodiola rosea for anxiety reddit,rhodiola rosea,True,new (no collision with keyword-map/queue/universe)
saffron extract for sleep reddit,saffron extract,True,new (no collision with keyword-map/queue/universe)
taurine for sleep dosage,taurine,True,new (no collision with keyword-map/queue/universe)
valerian root for anxiety during the day,valerian root,True,new (no collision with keyword-map/queue/universe)
vitamin d for stress relief,vitamin d3,True,new (no collision with keyword-map/queue/universe)
5-htp side effects sleep,5-htp,True,new (no collision with keyword-map/queue/universe)
ashwagandha for stress relief and energy boost,ashwagandha,True,new (no collision with keyword-map/queue/universe)
b vitamins for anxiety and depression,b complex,True,new (no collision with keyword-map/queue/universe)
glycine for anxiety reddit,glycine,True,new (no collision with keyword-map/queue/universe)
holy basil for sleep reviews,holy basil,True,new (no collision with keyword-map/queue/universe)
l-theanine dosage for anxiety,l-theanine,True,new (no collision with keyword-map/queue/universe)
l-tryptophan dosage for depression,l-tryptophan,True,new (no collision with keyword-map/queue/universe)
l tyrosine side effects on skin,l-tyrosine,True,new (no collision with keyword-map/queue/universe)
lemon balm for anxiety kids,lemon balm,True,new (no collision with keyword-map/queue/universe)
magnesium glycinate for anxiety how long to work,magnesium glycinate,True,new (no collision with keyword-map/queue/universe)
omega 3 fish oil vs,omega-3 fish oil,True,new (no collision with keyword-map/queue/universe)
passionflower dosage,passionflower,True,new (no collision with keyword-map/queue/universe)
probiotic for stress and anxiety,probiotic,True,new (no collision with keyword-map/queue/universe)
rhodiola rosea for sleep,rhodiola rosea,True,new (no collision with keyword-map/queue/universe)
saffron extract side effects,saffron extract,True,new (no collision with keyword-map/queue/universe)
taurine for sleep or energy,taurine,True,new (no collision with keyword-map/queue/universe)
valerian root for anxiety reddit,valerian root,True,new (no collision with keyword-map/queue/universe)
vitamin d supplement for stress,vitamin d3,True,new (no collision with keyword-map/queue/universe)
5-htp side effects weight gain,5-htp,True,new (no collision with keyword-map/queue/universe)
ashwagandha side effects emotions,ashwagandha,True,new (no collision with keyword-map/queue/universe)
b vitamins for anxiety reddit,b complex,True,new (no collision with keyword-map/queue/universe)
glycine for anxiety reviews,glycine,True,new (no collision with keyword-map/queue/universe)
holy basil for stress,holy basil,True,new (no collision with keyword-map/queue/universe)
l-theanine dosage for kids,l-theanine,True,new (no collision with keyword-map/queue/universe)
l-tryptophan dosage for migraine,l-tryptophan,True,new (no collision with keyword-map/queue/universe)
l tyrosine side effects thyroid,l-tyrosine,True,new (no collision with keyword-map/queue/universe)
lemon balm for anxiety reddit,lemon balm,True,new (no collision with keyword-map/queue/universe)
magnesium glycinate for anxiety reddit,magnesium glycinate,True,new (no collision with keyword-map/queue/universe)
omega 3 fish oil vs coq10,omega-3 fish oil,True,new (no collision with keyword-map/queue/universe)
passionflower dosage for anxiety,passionflower,True,new (no collision with keyword-map/queue/universe)
probiotic good for sleep,probiotic,True,new (no collision with keyword-map/queue/universe)
rhodiola rosea for sleep deprivation,rhodiola rosea,True,new (no collision with keyword-map/queue/universe)
saffron extract side effects reddit,saffron extract,True,new (no collision with keyword-map/queue/universe)
taurine for sleep reddit,taurine,True,new (no collision with keyword-map/queue/universe)
valerian root for anxiety reviews,valerian root,True,new (no collision with keyword-map/queue/universe)
vitamin d3 and k2 side effects,vitamin d3,True,new (no collision with keyword-map/queue/universe)
5-htp vs 5-mthf,5-htp,True,new (no collision with keyword-map/queue/universe)
ashwagandha side effects for female weight loss,ashwagandha,True,new (no collision with keyword-map/queue/universe)
b vitamins for sleep,b complex,True,new (no collision with keyword-map/queue/universe)
glycine for sleep,glycine,True,new (no collision with keyword-map/queue/universe)
holy basil for stress reddit,holy basil,True,new (no collision with keyword-map/queue/universe)
l-theanine dosage for sleep,l-theanine,True,new (no collision with keyword-map/queue/universe)
l-tryptophan dosage for sleep,l-tryptophan,True,new (no collision with keyword-map/queue/universe)
l tyrosine side effects weight gain,l-tyrosine,True,new (no collision with keyword-map/queue/universe)
lemon balm for anxiety reviews,lemon balm,True,new (no collision with keyword-map/queue/universe)
magnesium glycinate for anxiety reviews,magnesium glycinate,True,new (no collision with keyword-map/queue/universe)
omega 3 fish oil vs fatty acids,omega-3 fish oil,True,new (no collision with keyword-map/queue/universe)
passionflower dosage for sleep,passionflower,True,new (no collision with keyword-map/queue/universe)
probiotic side effects,probiotic,True,new (no collision with keyword-map/queue/universe)
rhodiola rosea for sleep reddit,rhodiola rosea,True,new (no collision with keyword-map/queue/universe)
saffron extract supplement side effects,saffron extract,True,new (no collision with keyword-map/queue/universe)
taurine for sleep reviews,taurine,True,new (no collision with keyword-map/queue/universe)
valerian root for anxiety reviews reddit,valerian root,True,new (no collision with keyword-map/queue/universe)
vitamin d3 dosage,vitamin d3,True,new (no collision with keyword-map/queue/universe)
5-htp vs gaba,5-htp,True,new (no collision with keyword-map/queue/universe)
ashwagandha side effects for men,ashwagandha,True,new (no collision with keyword-map/queue/universe)
b vitamins for sleep apnea,b complex,True,new (no collision with keyword-map/queue/universe)
glycine for sleep amazon,glycine,True,new (no collision with keyword-map/queue/universe)
holy basil for stress relief,holy basil,True,new (no collision with keyword-map/queue/universe)
l-theanine dosage guide,l-theanine,True,new (no collision with keyword-map/queue/universe)
l-tryptophan dosage for sleep reddit,l-tryptophan,True,new (no collision with keyword-map/queue/universe)
l-tyrosine dosage,l-tyrosine,True,new (no collision with keyword-map/queue/universe)
lemon balm for anxiety side effects,lemon balm,True,new (no collision with keyword-map/queue/universe)
magnesium glycinate for anxiety when to take,magnesium glycinate,True,new (no collision with keyword-map/queue/universe)
omega 3 fish oil vs flaxseed,omega-3 fish oil,True,new (no collision with keyword-map/queue/universe)
passionflower dosage per day,passionflower,True,new (no collision with keyword-map/queue/universe)
probiotic side effects baby,probiotic,True,new (no collision with keyword-map/queue/universe)
rhodiola rosea for stress,rhodiola rosea,True,new (no collision with keyword-map/queue/universe)
saffron extract vs l theanine,saffron extract,True,new (no collision with keyword-map/queue/universe)
taurine for stress,taurine,True,new (no collision with keyword-map/queue/universe)
valerian root for anxiety side effects,valerian root,True,new (no collision with keyword-map/queue/universe)
vitamin d3 dosage 50 000 iu,vitamin d3,True,new (no collision with keyword-map/queue/universe)
5-htp vs l-tryptophan,5-htp,True,new (no collision with keyword-map/queue/universe)
ashwagandha side effects heart,ashwagandha,True,new (no collision with keyword-map/queue/universe)
b vitamins for sleep reddit,b complex,True,new (no collision with keyword-map/queue/universe)
glycine for sleep apnea,glycine,True,new (no collision with keyword-map/queue/universe)
holy basil good for sleep,holy basil,True,new (no collision with keyword-map/queue/universe)
l-theanine dosage per day,l-theanine,True,new (no collision with keyword-map/queue/universe)
l-tryptophan dosage for weight loss,l-tryptophan,True,new (no collision with keyword-map/queue/universe)
l-tyrosine dosage adults,l-tyrosine,True,new (no collision with keyword-map/queue/universe)
lemon balm for sleep,lemon balm,True,new (no collision with keyword-map/queue/universe)
magnesium glycinate for sleep,magnesium glycinate,True,new (no collision with keyword-map/queue/universe)
omega 3 fish oil vs krill,omega-3 fish oil,True,new (no collision with keyword-map/queue/universe)
passionflower dosage reddit,passionflower,True,new (no collision with keyword-map/queue/universe)
probiotic side effects diarrhea,probiotic,True,new (no collision with keyword-map/queue/universe)
rhodiola rosea for stress and anxiety,rhodiola rosea,True,new (no collision with keyword-map/queue/universe)
saffron extract vs saffron,saffron extract,True,new (no collision with keyword-map/queue/universe)
taurine for stress and anxiety,taurine,True,new (no collision with keyword-map/queue/universe)
valerian root for sleep,valerian root,True,new (no collision with keyword-map/queue/universe)
vitamin d3 dosage for adults,vitamin d3,True,new (no collision with keyword-map/queue/universe)
5-htp vs melatonin,5-htp,True,new (no collision with keyword-map/queue/universe)
ashwagandha side effects liver,ashwagandha,True,new (no collision with keyword-map/queue/universe)
b vitamins for stress,b complex,True,new (no collision with keyword-map/queue/universe)
glycine for sleep dosage,glycine,True,new (no collision with keyword-map/queue/universe)
holy basil leaf for anxiety,holy basil,True,new (no collision with keyword-map/queue/universe)
l-theanine dosage reddit,l-theanine,True,new (no collision with keyword-map/queue/universe)
l-tryptophan for anxiety,l-tryptophan,True,new (no collision with keyword-map/queue/universe)
l-tyrosine dosage calculator,l-tyrosine,True,new (no collision with keyword-map/queue/universe)
lemon balm for sleep aid,lemon balm,True,new (no collision with keyword-map/queue/universe)
magnesium glycinate for sleep and anxiety,magnesium glycinate,True,new (no collision with keyword-map/queue/universe)
omega 3 fish oil vs vegan,omega-3 fish oil,True,new (no collision with keyword-map/queue/universe)
passionflower extract for anxiety,passionflower,True,new (no collision with keyword-map/queue/universe)
probiotic side effects in cats,probiotic,True,new (no collision with keyword-map/queue/universe)
rhodiola rosea for stress reddit,rhodiola rosea,True,new (no collision with keyword-map/queue/universe)
saffron extract vs saffron threads,saffron extract,True,new (no collision with keyword-map/queue/universe)
taurine for stress reddit,taurine,True,new (no collision with keyword-map/queue/universe)
valerian root for sleep dosage,valerian root,True,new (no collision with keyword-map/queue/universe)
vitamin d3 dosage for adults per day,vitamin d3,True,new (no collision with keyword-map/queue/universe)
5-htp vs prozac,5-htp,True,new (no collision with keyword-map/queue/universe)
ashwagandha side effects mental,ashwagandha,True,new (no collision with keyword-map/queue/universe)
b vitamins for stress and anxiety,b complex,True,new (no collision with keyword-map/queue/universe)
glycine for sleep evidence,glycine,True,new (no collision with keyword-map/queue/universe)
holy basil side effects,holy basil,True,new (no collision with keyword-map/queue/universe)
l-theanine for anxiety,l-theanine,True,new (no collision with keyword-map/queue/universe)
l-tryptophan for sleep,l-tryptophan,True,new (no collision with keyword-map/queue/universe)
l-tyrosine dosage child,l-tyrosine,True,new (no collision with keyword-map/queue/universe)
lemon balm for sleep and anxiety,lemon balm,True,new (no collision with keyword-map/queue/universe)
magnesium glycinate for sleep dosage,magnesium glycinate,True,new (no collision with keyword-map/queue/universe)
omega-3 fish oil dosage,omega-3 fish oil,True,new (no collision with keyword-map/queue/universe)
passionflower for anxiety,passionflower,True,new (no collision with keyword-map/queue/universe)
probiotic side effects in dogs,probiotic,True,new (no collision with keyword-map/queue/universe)
rhodiola rosea good for anxiety,rhodiola rosea,True,new (no collision with keyword-map/queue/universe)
saffron extract vs ssri,saffron extract,True,new (no collision with keyword-map/queue/universe)
taurine side effects,taurine,True,new (no collision with keyword-map/queue/universe)
valerian root for sleep for kids,valerian root,True,new (no collision with keyword-map/queue/universe)
vitamin d3 dosage for adults per week,vitamin d3,True,new (no collision with keyword-map/queue/universe)
5-htp vs sam-e,5-htp,True,new (no collision with keyword-map/queue/universe)
ashwagandha side effects reddit,ashwagandha,True,new (no collision with keyword-map/queue/universe)
b vitamins for stress reddit,b complex,True,new (no collision with keyword-map/queue/universe)
glycine for sleep reddit,glycine,True,new (no collision with keyword-map/queue/universe)
holy basil side effects dangers,holy basil,True,new (no collision with keyword-map/queue/universe)
l-theanine for anxiety and depression,l-theanine,True,new (no collision with keyword-map/queue/universe)
l-tryptophan for sleep reddit,l-tryptophan,True,new (no collision with keyword-map/queue/universe)
l-tyrosine dosage for adhd,l-tyrosine,True,new (no collision with keyword-map/queue/universe)
lemon balm for sleep apnea,lemon balm,True,new (no collision with keyword-map/queue/universe)
magnesium glycinate for sleep how much,magnesium glycinate,True,new (no collision with keyword-map/queue/universe)
omega-3 fish oil dosage for adults,omega-3 fish oil,True,new (no collision with keyword-map/queue/universe)
passionflower for anxiety and sleep,passionflower,True,new (no collision with keyword-map/queue/universe)
probiotic side effects in kids,probiotic,True,new (no collision with keyword-map/queue/universe)
rhodiola rosea good for sleep,rhodiola rosea,True,new (no collision with keyword-map/queue/universe)
saffron extract vs st john's wort,saffron extract,True,new (no collision with keyword-map/queue/universe)
taurine side effects cancer,taurine,True,new (no collision with keyword-map/queue/universe)
valerian root for sleep near me,valerian root,True,new (no collision with keyword-map/queue/universe)
vitamin d3 dosage for seniors,vitamin d3,True,new (no collision with keyword-map/queue/universe)
5-htp vs ssri for anxiety,5-htp,True,new (no collision with keyword-map/queue/universe)
ashwagandha side effects weight gain,ashwagandha,True,new (no collision with keyword-map/queue/universe)
b vitamins for stress relief,b complex,True,new (no collision with keyword-map/queue/universe)
glycine for sleep reviews,glycine,True,new (no collision with keyword-map/queue/universe)
holy basil side effects dangers reddit,holy basil,True,new (no collision with keyword-map/queue/universe)
l-theanine for anxiety dosage,l-theanine,True,new (no collision with keyword-map/queue/universe)
l-tryptophan for sleep side effects,l-tryptophan,True,new (no collision with keyword-map/queue/universe)
l-tyrosine dosage for adhd reddit,l-tyrosine,True,new (no collision with keyword-map/queue/universe)
lemon balm for sleep dosage,lemon balm,True,new (no collision with keyword-map/queue/universe)
magnesium glycinate for sleep kids,magnesium glycinate,True,new (no collision with keyword-map/queue/universe)
omega-3 fish oil side effects,omega-3 fish oil,True,new (no collision with keyword-map/queue/universe)
passionflower for anxiety dosage,passionflower,True,new (no collision with keyword-map/queue/universe)
probiotic side effects in men,probiotic,True,new (no collision with keyword-map/queue/universe)
rhodiola rosea side effects and benefits,rhodiola rosea,True,new (no collision with keyword-map/queue/universe)
saffron extract vs whole,saffron extract,True,new (no collision with keyword-map/queue/universe)
taurine side effects heart,taurine,True,new (no collision with keyword-map/queue/universe)
valerian root for sleep reddit,valerian root,True,new (no collision with keyword-map/queue/universe)
vitamin d3 dosage for seniors over 70,vitamin d3,True,new (no collision with keyword-map/queue/universe)
5-htp vs tryptophan,5-htp,True,new (no collision with keyword-map/queue/universe)
ashwagandha side effects women,ashwagandha,True,new (no collision with keyword-map/queue/universe)
best b complex for energy,b complex,True,new (no collision with keyword-map/queue/universe)
glycine for sleep side effects,glycine,True,new (no collision with keyword-map/queue/universe)
holy basil side effects fertility,holy basil,True,new (no collision with keyword-map/queue/universe)
l-theanine for anxiety reddit,l-theanine,True,new (no collision with keyword-map/queue/universe)
l-tryptophan side effects,l-tryptophan,True,new (no collision with keyword-map/queue/universe)
l-tyrosine dosage for dopamine,l-tyrosine,True,new (no collision with keyword-map/queue/universe)
lemon balm for sleep kids,lemon balm,True,new (no collision with keyword-map/queue/universe)
magnesium glycinate for sleep pregnancy,magnesium glycinate,True,new (no collision with keyword-map/queue/universe)
omega-3 fish oil vs krill oil,omega-3 fish oil,True,new (no collision with keyword-map/queue/universe)
passionflower for anxiety reddit,passionflower,True,new (no collision with keyword-map/queue/universe)
probiotic side effects reddit,probiotic,True,new (no collision with keyword-map/queue/universe)
rhodiola rosea side effects blood pressure,rhodiola rosea,True,new (no collision with keyword-map/queue/universe)
saffron pills for anxiety,saffron extract,True,new (no collision with keyword-map/queue/universe)
taurine side effects in cats,taurine,True,new (no collision with keyword-map/queue/universe)
valerian root for sleep reviews,valerian root,True,new (no collision with keyword-map/queue/universe)
vitamin d3 dosage for seniors over 80,vitamin d3,True,new (no collision with keyword-map/queue/universe)
best 5 htp for depression,5-htp,True,new (no collision with keyword-map/queue/universe)
ashwagandha vs ashwagandha root,ashwagandha,True,new (no collision with keyword-map/queue/universe)
best b complex for kids,b complex,True,new (no collision with keyword-map/queue/universe)
glycine for sleep studies,glycine,True,new (no collision with keyword-map/queue/universe)
holy basil side effects for men,holy basil,True,new (no collision with keyword-map/queue/universe)
l-theanine for anxiety reviews,l-theanine,True,new (no collision with keyword-map/queue/universe)
l-tryptophan side effects reddit,l-tryptophan,True,new (no collision with keyword-map/queue/universe)
l-tyrosine dosage for sleep,l-tyrosine,True,new (no collision with keyword-map/queue/universe)
lemon balm for sleep reddit,lemon balm,True,new (no collision with keyword-map/queue/universe)
magnesium glycinate for sleep reddit,magnesium glycinate,True,new (no collision with keyword-map/queue/universe)
passionflower for anxiety reviews,passionflower,True,new (no collision with keyword-map/queue/universe)
probiotic side effects toddler,probiotic,True,new (no collision with keyword-map/queue/universe)
rhodiola rosea side effects estrogen,rhodiola rosea,True,new (no collision with keyword-map/queue/universe)
saffron pills for sleep,saffron extract,True,new (no collision with keyword-map/queue/universe)
taurine side effects in dogs,taurine,True,new (no collision with keyword-map/queue/universe)
valerian root for sleep side effects,valerian root,True,new (no collision with keyword-map/queue/universe)
vitamin d3 dosage for women,vitamin d3,True,new (no collision with keyword-map/queue/universe)
best 5 htp for sleep,5-htp,True,new (no collision with keyword-map/queue/universe)
ashwagandha vs ayahuasca,ashwagandha,True,new (no collision with keyword-map/queue/universe)
best b complex for men,b complex,True,new (no collision with keyword-map/queue/universe)
glycine for sleep when to take,glycine,True,new (no collision with keyword-map/queue/universe)
holy basil side effects mayo clinic,holy basil,True,new (no collision with keyword-map/queue/universe)
l-theanine for anxiety reviews reddit,l-theanine,True,new (no collision with keyword-map/queue/universe)
l-tryptophan vs 5-htp,l-tryptophan,True,new (no collision with keyword-map/queue/universe)
l-tyrosine dosage for weight loss,l-tyrosine,True,new (no collision with keyword-map/queue/universe)
lemon balm for sleep reviews,lemon balm,True,new (no collision with keyword-map/queue/universe)
magnesium glycinate for sleep reviews,magnesium glycinate,True,new (no collision with keyword-map/queue/universe)
passionflower for sleep,passionflower,True,new (no collision with keyword-map/queue/universe)
probiotic side effects women,probiotic,True,new (no collision with keyword-map/queue/universe)
rhodiola rosea side effects for female,rhodiola rosea,True,new (no collision with keyword-map/queue/universe)
saffron pills side effects,saffron extract,True,new (no collision with keyword-map/queue/universe)
taurine side effects in energy drinks,taurine,True,new (no collision with keyword-map/queue/universe)
valerian root for sleep tea,valerian root,True,new (no collision with keyword-map/queue/universe)
vitamin d3 for anxiety,vitamin d3,True,new (no collision with keyword-map/queue/universe)
best 5 htp for weight loss,5-htp,True,new (no collision with keyword-map/queue/universe)
ashwagandha vs kava,ashwagandha,True,new (no collision with keyword-map/queue/universe)
best b complex for menopause,b complex,True,new (no collision with keyword-map/queue/universe)
glycine for stress,glycine,True,new (no collision with keyword-map/queue/universe)
holy basil side effects reddit,holy basil,True,new (no collision with keyword-map/queue/universe)
l-theanine for sleep,l-theanine,True,new (no collision with keyword-map/queue/universe)
l-tryptophan vs 5-htp reddit,l-tryptophan,True,new (no collision with keyword-map/queue/universe)
l-tyrosine dosage per day,l-tyrosine,True,new (no collision with keyword-map/queue/universe)
lemon balm for sleep side effects,lemon balm,True,new (no collision with keyword-map/queue/universe)
magnesium glycinate for sleep side effects,magnesium glycinate,True,new (no collision with keyword-map/queue/universe)
passionflower for sleep and anxiety,passionflower,True,new (no collision with keyword-map/queue/universe)
probiotic strains for sleep,probiotic,True,new (no collision with keyword-map/queue/universe)
rhodiola rosea side effects for male,rhodiola rosea,True,new (no collision with keyword-map/queue/universe)
saffron stigma extract for sleep,saffron extract,True,new (no collision with keyword-map/queue/universe)
taurine side effects men,taurine,True,new (no collision with keyword-map/queue/universe)
valerian root for sleep vs melatonin,valerian root,True,new (no collision with keyword-map/queue/universe)
vitamin d3 for anxiety and depression,vitamin d3,True,new (no collision with keyword-map/queue/universe)
best 5 htp supplement for sleep,5-htp,True,new (no collision with keyword-map/queue/universe)
ashwagandha vs l theanine,ashwagandha,True,new (no collision with keyword-map/queue/universe)
best b complex for mthfr mutation,b complex,True,new (no collision with keyword-map/queue/universe)
glycine for stress and anxiety,glycine,True,new (no collision with keyword-map/queue/universe)
holy basil supplement for sleep,holy basil,True,new (no collision with keyword-map/queue/universe)
l-theanine for sleep adhd,l-theanine,True,new (no collision with keyword-map/queue/universe)
l-tryptophan vs l-theanine,l-tryptophan,True,new (no collision with keyword-map/queue/universe)
l-tyrosine dosage reddit,l-tyrosine,True,new (no collision with keyword-map/queue/universe)
lemon balm for sleep tea,lemon balm,True,new (no collision with keyword-map/queue/universe)
magnesium glycinate for sleep when to take,magnesium glycinate,True,new (no collision with keyword-map/queue/universe)
passionflower for sleep dosage,passionflower,True,new (no collision with keyword-map/queue/universe)
probiotic supplement for sleep,probiotic,True,new (no collision with keyword-map/queue/universe)
rhodiola rosea side effects hormones,rhodiola rosea,True,new (no collision with keyword-map/queue/universe)
saffron stigma extract side effects,saffron extract,True,new (no collision with keyword-map/queue/universe)
taurine side effects pregnancy,taurine,True,new (no collision with keyword-map/queue/universe)
valerian root for sleep walmart,valerian root,True,new (no collision with keyword-map/queue/universe)
vitamin d3 for anxiety reddit,vitamin d3,True,new (no collision with keyword-map/queue/universe)
best 5 htp supplement for weight loss,5-htp,True,new (no collision with keyword-map/queue/universe)
ashwagandha vs magnesium,ashwagandha,True,new (no collision with keyword-map/queue/universe)
best b complex for nerve pain,b complex,True,new (no collision with keyword-map/queue/universe)
glycine for stress reddit,glycine,True,new (no collision with keyword-map/queue/universe)
holy basil tea for anxiety,holy basil,True,new (no collision with keyword-map/queue/universe)
l-theanine for sleep and anxiety,l-theanine,True,new (no collision with keyword-map/queue/universe)
l-tryptophan vs l-theanine reddit,l-tryptophan,True,new (no collision with keyword-map/queue/universe)
l-tyrosine for anxiety,l-tyrosine,True,new (no collision with keyword-map/queue/universe)
lemon balm for stress,lemon balm,True,new (no collision with keyword-map/queue/universe)
magnesium glycinate for stress,magnesium glycinate,True,new (no collision with keyword-map/queue/universe)
passionflower for sleep reddit,passionflower,True,new (no collision with keyword-map/queue/universe)
probiotic vs multivitamin,probiotic,True,new (no collision with keyword-map/queue/universe)
rhodiola rosea side effects liver,rhodiola rosea,True,new (no collision with keyword-map/queue/universe)
saffron supplement dosage,saffron extract,True,new (no collision with keyword-map/queue/universe)
taurine side effects reddit,taurine,True,new (no collision with keyword-map/queue/universe)
valerian root for stress,valerian root,True,new (no collision with keyword-map/queue/universe)
vitamin d3 for sleep,vitamin d3,True,new (no collision with keyword-map/queue/universe)
best 5 htp supplement in canada,5-htp,True,new (no collision with keyword-map/queue/universe)
ashwagandha vs magnesium glycinate,ashwagandha,True,new (no collision with keyword-map/queue/universe)
best b complex for neuropathy,b complex,True,new (no collision with keyword-map/queue/universe)
glycine powder for anxiety,glycine,True,new (no collision with keyword-map/queue/universe)
holy basil tea for sleep,holy basil,True,new (no collision with keyword-map/queue/universe)
l-theanine for sleep dosage,l-theanine,True,new (no collision with keyword-map/queue/universe)
l-tryptophan vs l-tyrosine,l-tryptophan,True,new (no collision with keyword-map/queue/universe)
l-tyrosine for sleep,l-tyrosine,True,new (no collision with keyword-map/queue/universe)
lemon balm for stress and anxiety,lemon balm,True,new (no collision with keyword-map/queue/universe)
magnesium glycinate for stress and anxiety,magnesium glycinate,True,new (no collision with keyword-map/queue/universe)
passionflower for sleep reviews,passionflower,True,new (no collision with keyword-map/queue/universe)
probiotic vs postbiotic,probiotic,True,new (no collision with keyword-map/queue/universe)
rhodiola rosea side effects reddit,rhodiola rosea,True,new (no collision with keyword-map/queue/universe)
saffron supplement dosage for kids,saffron extract,True,new (no collision with keyword-map/queue/universe)
taurine side effects women,taurine,True,new (no collision with keyword-map/queue/universe)
valerian root for stress and anxiety,valerian root,True,new (no collision with keyword-map/queue/universe)
vitamin d3 for sleep apnea,vitamin d3,True,new (no collision with keyword-map/queue/universe)
best dosage of 5 htp for anxiety,5-htp,True,new (no collision with keyword-map/queue/universe)
ashwagandha vs melatonin,ashwagandha,True,new (no collision with keyword-map/queue/universe)
best b complex for seniors,b complex,True,new (no collision with keyword-map/queue/universe)
glycine side effects,glycine,True,new (no collision with keyword-map/queue/universe)
holy basil tea for stress,holy basil,True,new (no collision with keyword-map/queue/universe)
l-theanine for sleep reddit,l-theanine,True,new (no collision with keyword-map/queue/universe)
l-tryptophan vs melatonin,l-tryptophan,True,new (no collision with keyword-map/queue/universe)
l-tyrosine side effects,l-tyrosine,True,new (no collision with keyword-map/queue/universe)
lemon balm for stress reddit,lemon balm,True,new (no collision with keyword-map/queue/universe)
magnesium glycinate for stress and anxiety reddit,magnesium glycinate,True,new (no collision with keyword-map/queue/universe)
passionflower for sleep tea,passionflower,True,new (no collision with keyword-map/queue/universe)
probiotic vs prebiotic,probiotic,True,new (no collision with keyword-map/queue/universe)
rhodiola rosea vs ashwagandha for cortisol,rhodiola rosea,True,new (no collision with keyword-map/queue/universe)
saffron supplement dosage per day,saffron extract,True,new (no collision with keyword-map/queue/universe)
taurine supplement for anxiety,taurine,True,new (no collision with keyword-map/queue/universe)
valerian root for stress reddit,valerian root,True,new (no collision with keyword-map/queue/universe)
vitamin d3 for sleep reddit,vitamin d3,True,new (no collision with keyword-map/queue/universe)
best dose of 5 htp for depression,5-htp,True,new (no collision with keyword-map/queue/universe)
ashwagandha vs shilajit,ashwagandha,True,new (no collision with keyword-map/queue/universe)
best b complex for women,b complex,True,new (no collision with keyword-map/queue/universe)
glycine side effects anxiety,glycine,True,new (no collision with keyword-map/queue/universe)
holy basil tea side effects,holy basil,True,new (no collision with keyword-map/queue/universe)
l-theanine for sleep reviews,l-theanine,True,new (no collision with keyword-map/queue/universe)
l-tryptophan vs tryptophan,l-tryptophan,True,new (no collision with keyword-map/queue/universe)
l-tyrosine side effects hair loss,l-tyrosine,True,new (no collision with keyword-map/queue/universe)
lemon balm for stress relief,lemon balm,True,new (no collision with keyword-map/queue/universe)
magnesium glycinate for stress and sleep,magnesium glycinate,True,new (no collision with keyword-map/queue/universe)
passionflower for stress,passionflower,True,new (no collision with keyword-map/queue/universe)
probiotic vs prebiotic soda,probiotic,True,new (no collision with keyword-map/queue/universe)
rhodiola rosea vs bacopa monnieri,rhodiola rosea,True,new (no collision with keyword-map/queue/universe)
saffron supplement for anxiety,saffron extract,True,new (no collision with keyword-map/queue/universe)
taurine supplement for stress,taurine,True,new (no collision with keyword-map/queue/universe)
valerian root for stress relief,valerian root,True,new (no collision with keyword-map/queue/universe)
vitamin d3 for sleepiness,vitamin d3,True,new (no collision with keyword-map/queue/universe)
best dose of 5 htp for sleep,5-htp,True,new (no collision with keyword-map/queue/universe)
best ashwagandha for cortisol,ashwagandha,True,new (no collision with keyword-map/queue/universe)
best b complex for women over 60,b complex,True,new (no collision with keyword-map/queue/universe)
glycine side effects headache,glycine,True,new (no collision with keyword-map/queue/universe)
holy basil tea side effects dangers,holy basil,True,new (no collision with keyword-map/queue/universe)
l-theanine for sleep side effects,l-theanine,True,new (no collision with keyword-map/queue/universe)
l-tyrosine side effects reddit,l-tyrosine,True,new (no collision with keyword-map/queue/universe)
lemon balm good for stress,lemon balm,True,new (no collision with keyword-map/queue/universe)
magnesium glycinate for stress dosage,magnesium glycinate,True,new (no collision with keyword-map/queue/universe)
passionflower for stress reddit,passionflower,True,new (no collision with keyword-map/queue/universe)
probiotic vs prebiotic vs postbiotic,probiotic,True,new (no collision with keyword-map/queue/universe)
rhodiola rosea vs ginseng,rhodiola rosea,True,new (no collision with keyword-map/queue/universe)
saffron supplement for anxiety and depression,saffron extract,True,new (no collision with keyword-map/queue/universe)
taurine vs creatine,taurine,True,new (no collision with keyword-map/queue/universe)
valerian root side effects,valerian root,True,new (no collision with keyword-map/queue/universe)
vitamin d3 for stress,vitamin d3,True,new (no collision with keyword-map/queue/universe)
can you take 5-htp at night,5-htp,True,new (no collision with keyword-map/queue/universe)
best ashwagandha for cortisol reduction,ashwagandha,True,new (no collision with keyword-map/queue/universe)
can you take b complex and b12 together,b complex,True,new (no collision with keyword-map/queue/universe)
glycine side effects heart,glycine,True,new (no collision with keyword-map/queue/universe)
holy basil vs basil,holy basil,True,new (no collision with keyword-map/queue/universe)
l-theanine for stress,l-theanine,True,new (no collision with keyword-map/queue/universe)
l-tyrosine vs adderall,l-tyrosine,True,new (no collision with keyword-map/queue/universe)
lemon balm side effects,lemon balm,True,new (no collision with keyword-map/queue/universe)
magnesium glycinate for stress reddit,magnesium glycinate,True,new (no collision with keyword-map/queue/universe)
passionflower good for sleep,passionflower,True,new (no collision with keyword-map/queue/universe)
probiotic vs probiotic,probiotic,True,new (no collision with keyword-map/queue/universe)
rhodiola rosea vs l tyrosine,rhodiola rosea,True,new (no collision with keyword-map/queue/universe)
saffron supplement for anxiety reddit,saffron extract,True,new (no collision with keyword-map/queue/universe)
taurine vs glycine,taurine,True,new (no collision with keyword-map/queue/universe)
valerian root side effects blood pressure,valerian root,True,new (no collision with keyword-map/queue/universe)
vitamin d3 good for anxiety,vitamin d3,True,new (no collision with keyword-map/queue/universe)
can you take 5-htp in the morning,5-htp,True,new (no collision with keyword-map/queue/universe)
best ashwagandha for men,ashwagandha,True,new (no collision with keyword-map/queue/universe)
can you take b complex and magnesium together,b complex,True,new (no collision with keyword-map/queue/universe)
glycine side effects liver,glycine,True,new (no collision with keyword-map/queue/universe)
holy basil vs genovese basil,holy basil,True,new (no collision with keyword-map/queue/universe)
l-theanine for stress and anxiety,l-theanine,True,new (no collision with keyword-map/queue/universe)
l-tyrosine vs l-dopa reddit,l-tyrosine,True,new (no collision with keyword-map/queue/universe)
lemon balm side effects and benefits,lemon balm,True,new (no collision with keyword-map/queue/universe)
magnesium glycinate for stress relief,magnesium glycinate,True,new (no collision with keyword-map/queue/universe)
passionflower side effects,passionflower,True,new (no collision with keyword-map/queue/universe)
probiotic vsl3,probiotic,True,new (no collision with keyword-map/queue/universe)
rhodiola rosea vs lion's mane,rhodiola rosea,True,new (no collision with keyword-map/queue/universe)
saffron supplement for sleep,saffron extract,True,new (no collision with keyword-map/queue/universe)
taurine vs guarana,taurine,True,new (no collision with keyword-map/queue/universe)
valerian root side effects depression,valerian root,True,new (no collision with keyword-map/queue/universe)
vitamin d3 good for stress,vitamin d3,True,new (no collision with keyword-map/queue/universe)
can you take 5-htp long term,5-htp,True,new (no collision with keyword-map/queue/universe)
best ashwagandha for menopause,ashwagandha,True,new (no collision with keyword-map/queue/universe)
can you take b complex and vitamin d together,b complex,True,new (no collision with keyword-map/queue/universe)
glycine side effects on skin,glycine,True,new (no collision with keyword-map/queue/universe)
holy basil vs italian basil,holy basil,True,new (no collision with keyword-map/queue/universe)
l-theanine for stress relief,l-theanine,True,new (no collision with keyword-map/queue/universe)
l-tyrosine vs l-lysine,l-tyrosine,True,new (no collision with keyword-map/queue/universe)
lemon balm side effects blood pressure,lemon balm,True,new (no collision with keyword-map/queue/universe)
magnesium glycinate good for stress,magnesium glycinate,True,new (no collision with keyword-map/queue/universe)
passionflower side effects heart,passionflower,True,new (no collision with keyword-map/queue/universe)
probiotics for anxiety and depression reddit,probiotic,True,new (no collision with keyword-map/queue/universe)
rhodiola rosea vs rhodiola,rhodiola rosea,True,new (no collision with keyword-map/queue/universe)
saffron supplement for sleep reddit,saffron extract,True,new (no collision with keyword-map/queue/universe)
taurine vs l theanine,taurine,True,new (no collision with keyword-map/queue/universe)
valerian root side effects heart,valerian root,True,new (no collision with keyword-map/queue/universe)
vitamin d3 k2 for anxiety,vitamin d3,True,new (no collision with keyword-map/queue/universe)
can you take 5-htp with antidepressants,5-htp,True,new (no collision with keyword-map/queue/universe)
best ashwagandha for sleep,ashwagandha,True,new (no collision with keyword-map/queue/universe)
can you take b complex and zinc together,b complex,True,new (no collision with keyword-map/queue/universe)
glycine side effects reddit,glycine,True,new (no collision with keyword-map/queue/universe)
holy basil vs lemon balm,holy basil,True,new (no collision with keyword-map/queue/universe)
l-theanine side effects and benefits,l-theanine,True,new (no collision with keyword-map/queue/universe)
l-tyrosine vs l-theanine,l-tyrosine,True,new (no collision with keyword-map/queue/universe)
lemon balm side effects heart,lemon balm,True,new (no collision with keyword-map/queue/universe)
magnesium glycinate side effects anxiety,magnesium glycinate,True,new (no collision with keyword-map/queue/universe)
passionflower side effects reddit,passionflower,True,new (no collision with keyword-map/queue/universe)
probiotics for anxiety and ibs,probiotic,True,new (no collision with keyword-map/queue/universe)
rhodiola rosea vs rhodiola crenulata,rhodiola rosea,True,new (no collision with keyword-map/queue/universe)
saffron supplement for stress,saffron extract,True,new (no collision with keyword-map/queue/universe)
taurine vs l-taurine,taurine,True,new (no collision with keyword-map/queue/universe)
valerian root side effects in dogs,valerian root,True,new (no collision with keyword-map/queue/universe)
vitamin d3 side effects,vitamin d3,True,new (no collision with keyword-map/queue/universe)
can you take 5-htp with lexapro,5-htp,True,new (no collision with keyword-map/queue/universe)
best ashwagandha for stress and anxiety,ashwagandha,True,new (no collision with keyword-map/queue/universe)
can you take b complex at night,b complex,True,new (no collision with keyword-map/queue/universe)
glycine side effects warnings,glycine,True,new (no collision with keyword-map/queue/universe)
holy basil vs regular basil,holy basil,True,new (no collision with keyword-map/queue/universe)
l-theanine side effects anxiety,l-theanine,True,new (no collision with keyword-map/queue/universe)
l-tyrosine vs levothyroxine,l-tyrosine,True,new (no collision with keyword-map/queue/universe)
lemon balm side effects interactions,lemon balm,True,new (no collision with keyword-map/queue/universe)
magnesium glycinate side effects for women,magnesium glycinate,True,new (no collision with keyword-map/queue/universe)
passionflower tea for anxiety,passionflower,True,new (no collision with keyword-map/queue/universe)
probiotics for anxiety and ocd,probiotic,True,new (no collision with keyword-map/queue/universe)
rhodiola rosea vs saffron,rhodiola rosea,True,new (no collision with keyword-map/queue/universe)
saffron supplement side effects,saffron extract,True,new (no collision with keyword-map/queue/universe)
taurine vs magnesium taurate,taurine,True,new (no collision with keyword-map/queue/universe)
valerian root side effects liver,valerian root,True,new (no collision with keyword-map/queue/universe)
vitamin d3 side effects and benefits,vitamin d3,True,new (no collision with keyword-map/queue/universe)
can you take 5-htp with melatonin,5-htp,True,new (no collision with keyword-map/queue/universe)
best ashwagandha for testosterone,ashwagandha,True,new (no collision with keyword-map/queue/universe)
can you take b complex everyday,b complex,True,new (no collision with keyword-map/queue/universe)
glycine side effects wholisticresearch,glycine,True,new (no collision with keyword-map/queue/universe)
holy basil vs sweet basil,holy basil,True,new (no collision with keyword-map/queue/universe)
l-theanine side effects heart,l-theanine,True,new (no collision with keyword-map/queue/universe)
l-tyrosine vs n-acetyl l-tyrosine,l-tyrosine,True,new (no collision with keyword-map/queue/universe)
lemon balm side effects kidney,lemon balm,True,new (no collision with keyword-map/queue/universe)
magnesium glycinate side effects heart,magnesium glycinate,True,new (no collision with keyword-map/queue/universe)
passionflower tincture for sleep,passionflower,True,new (no collision with keyword-map/queue/universe)
probiotics for anxiety and stress,probiotic,True,new (no collision with keyword-map/queue/universe)
rhodiola rosea vs st john's wort,rhodiola rosea,True,new (no collision with keyword-map/queue/universe)
saffron supplement side effects and interactions,saffron extract,True,new (no collision with keyword-map/queue/universe)
taurine vs taurate,taurine,True,new (no collision with keyword-map/queue/universe)
valerian root side effects long term,valerian root,True,new (no collision with keyword-map/queue/universe)
vitamin d3 side effects anxiety,vitamin d3,True,new (no collision with keyword-map/queue/universe)
can you take 5-htp with vyvanse,5-htp,True,new (no collision with keyword-map/queue/universe)
best ashwagandha for weight loss,ashwagandha,True,new (no collision with keyword-map/queue/universe)
can you take b complex on an empty stomach,b complex,True,new (no collision with keyword-map/queue/universe)
glycine side effects women,glycine,True,new (no collision with keyword-map/queue/universe)
holy basil vs thai basil,holy basil,True,new (no collision with keyword-map/queue/universe)
l-theanine side effects heart palpitations,l-theanine,True,new (no collision with keyword-map/queue/universe)
l-tyrosine vs nalt,l-tyrosine,True,new (no collision with keyword-map/queue/universe)
lemon balm side effects kids,lemon balm,True,new (no collision with keyword-map/queue/universe)
magnesium glycinate side effects in kids,magnesium glycinate,True,new (no collision with keyword-map/queue/universe)
passionflower vs kava,passionflower,True,new (no collision with keyword-map/queue/universe)
probiotics for anxiety reviews,probiotic,True,new (no collision with keyword-map/queue/universe)
saffron supplement side effects kids,saffron extract,True,new (no collision with keyword-map/queue/universe)
taurine vs theanine,taurine,True,new (no collision with keyword-map/queue/universe)
valerian root side effects reddit,valerian root,True,new (no collision with keyword-map/queue/universe)
vitamin d3 side effects blood pressure,vitamin d3,True,new (no collision with keyword-map/queue/universe)
can you take 5-htp with wellbutrin,5-htp,True,new (no collision with keyword-map/queue/universe)
best ashwagandha for women,ashwagandha,True,new (no collision with keyword-map/queue/universe)
can you take b complex while pregnant,b complex,True,new (no collision with keyword-map/queue/universe)
glycine supplement for anxiety,glycine,True,new (no collision with keyword-map/queue/universe)
holy basil vs tulsi,holy basil,True,new (no collision with keyword-map/queue/universe)
l-theanine side effects kids,l-theanine,True,new (no collision with keyword-map/queue/universe)
l-tyrosine vs tyrosine,l-tyrosine,True,new (no collision with keyword-map/queue/universe)
lemon balm side effects liver,lemon balm,True,new (no collision with keyword-map/queue/universe)
magnesium glycinate side effects long term,magnesium glycinate,True,new (no collision with keyword-map/queue/universe)
passionflower vs lemon balm,passionflower,True,new (no collision with keyword-map/queue/universe)
probiotics for sleep and anxiety,probiotic,True,new (no collision with keyword-map/queue/universe)
saffron supplement side effects reddit,saffron extract,True,new (no collision with keyword-map/queue/universe)
taurine vs tudca,taurine,True,new (no collision with keyword-map/queue/universe)
valerian root side effects weight gain,valerian root,True,new (no collision with keyword-map/queue/universe)
vitamin d3 side effects for men,vitamin d3,True,new (no collision with keyword-map/queue/universe)
can you take 5-htp with zoloft,5-htp,True,new (no collision with keyword-map/queue/universe)
can you take ashwagandha,ashwagandha,True,new (no collision with keyword-map/queue/universe)
can you take b complex with iron,b complex,True,new (no collision with keyword-map/queue/universe)
glycine supplement for stress,glycine,True,new (no collision with keyword-map/queue/universe)
how fast does holy basil work for anxiety,holy basil,True,new (no collision with keyword-map/queue/universe)
l-theanine side effects liver,l-theanine,True,new (no collision with keyword-map/queue/universe)
l-tyrosine vs wellbutrin reddit,l-tyrosine,True,new (no collision with keyword-map/queue/universe)
lemon balm side effects reddit,lemon balm,True,new (no collision with keyword-map/queue/universe)
magnesium glycinate side effects men,magnesium glycinate,True,new (no collision with keyword-map/queue/universe)
passionflower vs melatonin,passionflower,True,new (no collision with keyword-map/queue/universe)
probiotics for sleep apnea,probiotic,True,new (no collision with keyword-map/queue/universe)
saffron supplement vs ashwagandha,saffron extract,True,new (no collision with keyword-map/queue/universe)
valerian root side effects weight loss,valerian root,True,new (no collision with keyword-map/queue/universe)
vitamin d3 side effects in adults,vitamin d3,True,new (no collision with keyword-map/queue/universe)
does 5 htp work for anxiety,5-htp,True,new (no collision with keyword-map/queue/universe)
can you take ashwagandha and magnesium glycinate together,ashwagandha,True,new (no collision with keyword-map/queue/universe)
can you take b complex with multivitamin,b complex,True,new (no collision with keyword-map/queue/universe)
glycine vs gaba,glycine,True,new (no collision with keyword-map/queue/universe)
how to use holy basil for stress,holy basil,True,new (no collision with keyword-map/queue/universe)
l-theanine side effects men,l-theanine,True,new (no collision with keyword-map/queue/universe)
lemon balm side effects thyroid,lemon balm,True,new (no collision with keyword-map/queue/universe)
magnesium glycinate side effects reddit,magnesium glycinate,True,new (no collision with keyword-map/queue/universe)
passionflower vs passion fruit,passionflower,True,new (no collision with keyword-map/queue/universe)
probiotics for stress colitis in dogs,probiotic,True,new (no collision with keyword-map/queue/universe)
saffron supplement vs tea,saffron extract,True,new (no collision with keyword-map/queue/universe)
valerian root tea for sleep,valerian root,True,new (no collision with keyword-map/queue/universe)
vitamin d3 side effects in women,vitamin d3,True,new (no collision with keyword-map/queue/universe)
does 5 htp work for sleep,5-htp,True,new (no collision with keyword-map/queue/universe)
can you take ashwagandha at night,ashwagandha,True,new (no collision with keyword-map/queue/universe)
how long does vitamin b complex take to work for anxiety,b complex,True,new (no collision with keyword-map/queue/universe)
glycine vs glutathione,glycine,True,new (no collision with keyword-map/queue/universe)
is holy basil good for stress,holy basil,True,new (no collision with keyword-map/queue/universe)
l-theanine side effects reddit,l-theanine,True,new (no collision with keyword-map/queue/universe)
lemon balm tea for anxiety,lemon balm,True,new (no collision with keyword-map/queue/universe)
magnesium glycinate side effects sleep,magnesium glycinate,True,new (no collision with keyword-map/queue/universe)
passionflower vs skullcap,passionflower,True,new (no collision with keyword-map/queue/universe)
probiotics for stress diarrhea,probiotic,True,new (no collision with keyword-map/queue/universe)
saffron tincture dosage,saffron extract,True,new (no collision with keyword-map/queue/universe)
valerian root vs chamomile,valerian root,True,new (no collision with keyword-map/queue/universe)
vitamin d3 side effects on skin,vitamin d3,True,new (no collision with keyword-map/queue/universe)
does 5 htp work immediately for anxiety,5-htp,True,new (no collision with keyword-map/queue/universe)
can you take ashwagandha everyday,ashwagandha,True,new (no collision with keyword-map/queue/universe)
pharex b complex for anxiety,b complex,True,new (no collision with keyword-map/queue/universe)
glycine vs glycerine,glycine,True,new (no collision with keyword-map/queue/universe)
is holy basil tea good for stress,holy basil,True,new (no collision with keyword-map/queue/universe)
l-theanine side effects women,l-theanine,True,new (no collision with keyword-map/queue/universe)
lemon balm tea for stress,lemon balm,True,new (no collision with keyword-map/queue/universe)
magnesium glycinate side effects weight gain,magnesium glycinate,True,new (no collision with keyword-map/queue/universe)
passionflower vs valerian,passionflower,True,new (no collision with keyword-map/queue/universe)
probiotics for stress management,probiotic,True,new (no collision with keyword-map/queue/universe)
supresa saffron extract side effects,saffron extract,True,new (no collision with keyword-map/queue/universe)
valerian root vs kava,valerian root,True,new (no collision with keyword-map/queue/universe)
vitamin d3 side effects stomach,vitamin d3,True,new (no collision with keyword-map/queue/universe)
how long does 5 htp take to work for anxiety,5-htp,True,new (no collision with keyword-map/queue/universe)
can you take ashwagandha on an empty stomach,ashwagandha,True,new (no collision with keyword-map/queue/universe)
vitamin b complex for anxiety,b complex,True,new (no collision with keyword-map/queue/universe)
glycine vs glycinate,glycine,True,new (no collision with keyword-map/queue/universe)
tulsi holy basil for sleep,holy basil,True,new (no collision with keyword-map/queue/universe)
l-theanine vs gaba,l-theanine,True,new (no collision with keyword-map/queue/universe)
lemon balm tea for stress and anxiety,lemon balm,True,new (no collision with keyword-map/queue/universe)
magnesium glycinate vs gluconate,magnesium glycinate,True,new (no collision with keyword-map/queue/universe)
passionflower vs valerian for sleep,passionflower,True,new (no collision with keyword-map/queue/universe)
probiotics for stress relief,probiotic,True,new (no collision with keyword-map/queue/universe)
valerian root vs magnesium for sleep,valerian root,True,new (no collision with keyword-map/queue/universe)
vitamin d3 side effects too much,vitamin d3,True,new (no collision with keyword-map/queue/universe)
how long does 5-htp take to work for sleep,5-htp,True,new (no collision with keyword-map/queue/universe)
can you take ashwagandha while breastfeeding,ashwagandha,True,new (no collision with keyword-map/queue/universe)
vitamin b complex for anxiety and depression,b complex,True,new (no collision with keyword-map/queue/universe)
glycine vs lysine,glycine,True,new (no collision with keyword-map/queue/universe)
what does holy basil do for stress,holy basil,True,new (no collision with keyword-map/queue/universe)
l-theanine vs l-lysine,l-theanine,True,new (no collision with keyword-map/queue/universe)
lemon balm vs catnip,lemon balm,True,new (no collision with keyword-map/queue/universe)
magnesium glycinate vs magnesium,magnesium glycinate,True,new (no collision with keyword-map/queue/universe)
passionflower vs valerian root,passionflower,True,new (no collision with keyword-map/queue/universe)
probiotics for stress stomach,probiotic,True,new (no collision with keyword-map/queue/universe)
valerian root vs melatonin,valerian root,True,new (no collision with keyword-map/queue/universe)
vitamin d3 vs calcium,vitamin d3,True,new (no collision with keyword-map/queue/universe)
can you take ashwagandha while pregnant,ashwagandha,True,new (no collision with keyword-map/queue/universe)
vitamin b complex for sleep,b complex,True,new (no collision with keyword-map/queue/universe)
glycine vs magnesium glycinate,glycine,True,new (no collision with keyword-map/queue/universe)
l-theanine vs l-threonate,l-theanine,True,new (no collision with keyword-map/queue/universe)
lemon balm vs citronella,lemon balm,True,new (no collision with keyword-map/queue/universe)
magnesium glycinate vs magnesium bisglycinate,magnesium glycinate,True,new (no collision with keyword-map/queue/universe)
valerian root vs melatonin for sleep,valerian root,True,new (no collision with keyword-map/queue/universe)
vitamin d3 vs cholecalciferol,vitamin d3,True,new (no collision with keyword-map/queue/universe)
can you take ashwagandha with magnesium,ashwagandha,True,new (no collision with keyword-map/queue/universe)
vitamin b complex for stress,b complex,True,new (no collision with keyword-map/queue/universe)
glycine vs magnesium glycinate for sleep,glycine,True,new (no collision with keyword-map/queue/universe)
l-theanine vs l-tyrosine,l-theanine,True,new (no collision with keyword-map/queue/universe)
lemon balm vs lemon basil,lemon balm,True,new (no collision with keyword-map/queue/universe)
magnesium glycinate vs magnesium l-threonate,magnesium glycinate,True,new (no collision with keyword-map/queue/universe)
valerian root vs passion flower,valerian root,True,new (no collision with keyword-map/queue/universe)
vitamin d3 vs d,vitamin d3,True,new (no collision with keyword-map/queue/universe)
can you take ashwagandha with zoloft,ashwagandha,True,new (no collision with keyword-map/queue/universe)
vitamin b complex for stress and anxiety,b complex,True,new (no collision with keyword-map/queue/universe)
glycine vs niacinamide,glycine,True,new (no collision with keyword-map/queue/universe)
l-theanine vs l-tyrosine adhd,l-theanine,True,new (no collision with keyword-map/queue/universe)
lemon balm vs lemon thyme,lemon balm,True,new (no collision with keyword-map/queue/universe)
magnesium glycinate vs malate,magnesium glycinate,True,new (no collision with keyword-map/queue/universe)
valerian root vs valerian root extract,valerian root,True,new (no collision with keyword-map/queue/universe)
vitamin d3 vs d12,vitamin d3,True,new (no collision with keyword-map/queue/universe)
does ashwagandha work for anxiety,ashwagandha,True,new (no collision with keyword-map/queue/universe)
how long does glycine take to work for sleep,glycine,True,new (no collision with keyword-map/queue/universe)
l-theanine vs magnesium glycinate,l-theanine,True,new (no collision with keyword-map/queue/universe)
lemon balm vs lemon verbena,lemon balm,True,new (no collision with keyword-map/queue/universe)
magnesium glycinate vs melatonin,magnesium glycinate,True,new (no collision with keyword-map/queue/universe)
valerian root vs valium,valerian root,True,new (no collision with keyword-map/queue/universe)
vitamin d3 vs d2,vitamin d3,True,new (no collision with keyword-map/queue/universe)
does ashwagandha work for sleep,ashwagandha,True,new (no collision with keyword-map/queue/universe)
how much glycine for anxiety,glycine,True,new (no collision with keyword-map/queue/universe)
l-theanine vs magnesium l-threonate,l-theanine,True,new (no collision with keyword-map/queue/universe)
lemon balm vs lemongrass,lemon balm,True,new (no collision with keyword-map/queue/universe)
magnesium glycinate vs oxide,magnesium glycinate,True,new (no collision with keyword-map/queue/universe)
vitamin d3 vs d3 k2,vitamin d3,True,new (no collision with keyword-map/queue/universe)
how long does ashwagandha take to work for anxiety reddit,ashwagandha,True,new (no collision with keyword-map/queue/universe)
how to take glycine for anxiety,glycine,True,new (no collision with keyword-map/queue/universe)
l-theanine vs theanine,l-theanine,True,new (no collision with keyword-map/queue/universe)
lemon balm vs mint,lemon balm,True,new (no collision with keyword-map/queue/universe)
magnesium glycinate vs threonate,magnesium glycinate,True,new (no collision with keyword-map/queue/universe)
vitamin d3 vs d3 plus k2,vitamin d3,True,new (no collision with keyword-map/queue/universe)
how long does ashwagandha take to work for sleep,ashwagandha,True,new (no collision with keyword-map/queue/universe)
is glycine good for anxiety,glycine,True,new (no collision with keyword-map/queue/universe)
lemon balm vs peppermint,lemon balm,True,new (no collision with keyword-map/queue/universe)
magnesium.glycinate for stress anxiety and sleep,magnesium glycinate,True,new (no collision with keyword-map/queue/universe)
vitamin d3 vs d4,vitamin d3,True,new (no collision with keyword-map/queue/universe)
is glycine good for stress,glycine,True,new (no collision with keyword-map/queue/universe)
lemon balm vs spearmint,lemon balm,True,new (no collision with keyword-map/queue/universe)
magnesium glycine for anxiety,glycine,True,new (no collision with keyword-map/queue/universe)
5 htp anti stress,5-htp,False,new (no collision with keyword-map/queue/universe)
ashwagandha 600mg,ashwagandha,False,new (no collision with keyword-map/queue/universe)
b complex,b complex,False,new (no collision with keyword-map/queue/universe)
does glycine supplement work,glycine,False,new (no collision with keyword-map/queue/universe)
does holy basil bubble deep mask work,holy basil,False,new (no collision with keyword-map/queue/universe)
does l theanine work for adhd,l-theanine,False,new (no collision with keyword-map/queue/universe)
can i take l tryptophan every day,l-tryptophan,False,new (no collision with keyword-map/queue/universe)
does l tyrosine work fast,l-tyrosine,False,new (no collision with keyword-map/queue/universe)
can lavender cause anxiety,lavender silexan,False,new (no collision with keyword-map/queue/universe)
does lemon balm work,lemon balm,False,new (no collision with keyword-map/queue/universe)
does magnesium glycinate work,magnesium glycinate,False,new (no collision with keyword-map/queue/universe)
can i take omega 3 fish oil everyday,omega-3 fish oil,False,new (no collision with keyword-map/queue/universe)
does passiflora work,passionflower,False,new (no collision with keyword-map/queue/universe)
align probiotic digestive support,probiotic,False,new (no collision with keyword-map/queue/universe)
can i take rhodiola rosea everyday,rhodiola rosea,False,new (no collision with keyword-map/queue/universe)
affron saffron extract,saffron extract,False,new (no collision with keyword-map/queue/universe)
does taurine work,taurine,False,new (no collision with keyword-map/queue/universe)
can valerian root make anxiety worse,valerian root,False,new (no collision with keyword-map/queue/universe)
does vitamin d3 work,vitamin d3,False,new (no collision with keyword-map/queue/universe)
5 htp for tension headaches,5-htp,False,new (no collision with keyword-map/queue/universe)
ashwagandha and alcohol,ashwagandha,False,new (no collision with keyword-map/queue/universe)
b complex 100,b complex,False,new (no collision with keyword-map/queue/universe)
does glycine work,glycine,False,new (no collision with keyword-map/queue/universe)
does holy basil help you lose weight,holy basil,False,new (no collision with keyword-map/queue/universe)
does l theanine work instantly,l-theanine,False,new (no collision with keyword-map/queue/universe)
do l tryptophan supplements work,l-tryptophan,False,new (no collision with keyword-map/queue/universe)
does l tyrosine work for adhd,l-tyrosine,False,new (no collision with keyword-map/queue/universe)
difference between lady lavender and english lavender,lavender silexan,False,new (no collision with keyword-map/queue/universe)
does lemon balm work better than ozempic,lemon balm,False,new (no collision with keyword-map/queue/universe)
does magnesium glycinate work as a laxative,magnesium glycinate,False,new (no collision with keyword-map/queue/universe)
can i take omega 3 fish oil while pregnant,omega-3 fish oil,False,new (no collision with keyword-map/queue/universe)
does passiflora work immediately,passionflower,False,new (no collision with keyword-map/queue/universe)
bioma probiotic weight loss,probiotic,False,new (no collision with keyword-map/queue/universe)
does floraviva rhodiola rosea work,rhodiola rosea,False,new (no collision with keyword-map/queue/universe)
affron saffron extract 30mg,saffron extract,False,new (no collision with keyword-map/queue/universe)
does taurine work for dog cough,taurine,False,new (no collision with keyword-map/queue/universe)
can valerian root reduce anxiety,valerian root,False,new (no collision with keyword-map/queue/universe)
does vitamin d3 work alone,vitamin d3,False,new (no collision with keyword-map/queue/universe)
5 htp same stress & mood,5-htp,False,new (no collision with keyword-map/queue/universe)
ashwagandha and blood pressure,ashwagandha,False,new (no collision with keyword-map/queue/universe)
b complex and anxiety,b complex,False,new (no collision with keyword-map/queue/universe)
does glycine work reddit,glycine,False,new (no collision with keyword-map/queue/universe)
does holy basil mask really work,holy basil,False,new (no collision with keyword-map/queue/universe)
does l theanine work without caffeine,l-theanine,False,new (no collision with keyword-map/queue/universe)
does l tryptophan work,l-tryptophan,False,new (no collision with keyword-map/queue/universe)
does l tyrosine work immediately,l-tyrosine,False,new (no collision with keyword-map/queue/universe)
does lavender pillow spray work,lavender silexan,False,new (no collision with keyword-map/queue/universe)
does lemon balm work for weight loss,lemon balm,False,new (no collision with keyword-map/queue/universe)
does magnesium glycinate work better than melatonin,magnesium glycinate,False,new (no collision with keyword-map/queue/universe)
can men take omega 3 fish oil,omega-3 fish oil,False,new (no collision with keyword-map/queue/universe)
does passion flower extract work,passionflower,False,new (no collision with keyword-map/queue/universe)
does probiotic work,probiotic,False,new (no collision with keyword-map/queue/universe)
does rhodiola rosea really work for cortisol,rhodiola rosea,False,new (no collision with keyword-map/queue/universe)
can saffron help anxiety,saffron extract,False,new (no collision with keyword-map/queue/universe)
does taurine work for tinnitus,taurine,False,new (no collision with keyword-map/queue/universe)
does valerian root work,valerian root,False,new (no collision with keyword-map/queue/universe)
does vitamin d3 work on its own,vitamin d3,False,new (no collision with keyword-map/queue/universe)
5 htp stress and mood,5-htp,False,new (no collision with keyword-map/queue/universe)
ashwagandha and breastfeeding,ashwagandha,False,new (no collision with keyword-map/queue/universe)
b complex and b12,b complex,False,new (no collision with keyword-map/queue/universe)
does glycine work right away,glycine,False,new (no collision with keyword-map/queue/universe)
does holy basil really work,holy basil,False,new (no collision with keyword-map/queue/universe)
does l-theanine work,l-theanine,False,new (no collision with keyword-map/queue/universe)
does l tryptophan work reddit,l-tryptophan,False,new (no collision with keyword-map/queue/universe)
does l tyrosine work immediately reddit,l-tyrosine,False,new (no collision with keyword-map/queue/universe)
does lavender spray help you sleep,lavender silexan,False,new (no collision with keyword-map/queue/universe)
does lemon balm work instantly,lemon balm,False,new (no collision with keyword-map/queue/universe)
does magnesium glycinate work fast,magnesium glycinate,False,new (no collision with keyword-map/queue/universe)
can omega 3 fish oil cause anxiety,omega-3 fish oil,False,new (no collision with keyword-map/queue/universe)
does passionflower tea work,passionflower,False,new (no collision with keyword-map/queue/universe)
does probiotic work for bloating,probiotic,False,new (no collision with keyword-map/queue/universe)
does rhodiola rosea really work for weight loss,rhodiola rosea,False,new (no collision with keyword-map/queue/universe)
do saffron supplements work for adhd,saffron extract,False,new (no collision with keyword-map/queue/universe)
does taurine work immediately,taurine,False,new (no collision with keyword-map/queue/universe)
does valerian root work better than melatonin,valerian root,False,new (no collision with keyword-map/queue/universe)
does vitamin d3 work right away,vitamin d3,False,new (no collision with keyword-map/queue/universe)
5 htp stress relax,5-htp,False,new (no collision with keyword-map/queue/universe)
ashwagandha and cortisol,ashwagandha,False,new (no collision with keyword-map/queue/universe)
b complex and blood pressure,b complex,False,new (no collision with keyword-map/queue/universe)
glycine,glycine,False,new (no collision with keyword-map/queue/universe)
does holy basil work,holy basil,False,new (no collision with keyword-map/queue/universe)
does l-theanine work better over time,l-theanine,False,new (no collision with keyword-map/queue/universe)
does l-tryptophan work immediately,l-tryptophan,False,new (no collision with keyword-map/queue/universe)
does l tyrosine work like adderall,l-tyrosine,False,new (no collision with keyword-map/queue/universe)
is silexan safe,lavender silexan,False,new (no collision with keyword-map/queue/universe)
does lemon balm work like ozempic,lemon balm,False,new (no collision with keyword-map/queue/universe)
does magnesium glycinate work for constipation,magnesium glycinate,False,new (no collision with keyword-map/queue/universe)
can you get omega 3 without fish oil,omega-3 fish oil,False,new (no collision with keyword-map/queue/universe)
does passionflower work,passionflower,False,new (no collision with keyword-map/queue/universe)
does probiotic work for constipation,probiotic,False,new (no collision with keyword-map/queue/universe)
does rhodiola rosea work,rhodiola rosea,False,new (no collision with keyword-map/queue/universe)
do saffron supplements work reddit,saffron extract,False,new (no collision with keyword-map/queue/universe)
does taurine work like caffeine,taurine,False,new (no collision with keyword-map/queue/universe)
does valerian root work like valium,valerian root,False,new (no collision with keyword-map/queue/universe)
does vitamin d3 work the same as vitamin d,vitamin d3,False,new (no collision with keyword-map/queue/universe)
5 htp stress relief,5-htp,False,new (no collision with keyword-map/queue/universe)
ashwagandha and l-theanine,ashwagandha,False,new (no collision with keyword-map/queue/universe)
b complex and eliquis,b complex,False,new (no collision with keyword-map/queue/universe)
glycine 1000mg,glycine,False,new (no collision with keyword-map/queue/universe)
does holy basil work right away,holy basil,False,new (no collision with keyword-map/queue/universe)
does l-theanine work better than ashwagandha,l-theanine,False,new (no collision with keyword-map/queue/universe)
how fast does l tryptophan work,l-tryptophan,False,new (no collision with keyword-map/queue/universe)
does l tyrosine work long term,l-tyrosine,False,new (no collision with keyword-map/queue/universe)
lavender silexan,lavender silexan,False,new (no collision with keyword-map/queue/universe)
does lemon balm work on cold sores,lemon balm,False,new (no collision with keyword-map/queue/universe)
does magnesium glycinate work instantly,magnesium glycinate,False,new (no collision with keyword-map/queue/universe)
do omega 3 fish oil pills work,omega-3 fish oil,False,new (no collision with keyword-map/queue/universe)
does passionflower work immediately,passionflower,False,new (no collision with keyword-map/queue/universe)
does probiotic work for diarrhea,probiotic,False,new (no collision with keyword-map/queue/universe)
does rhodiola rosea work for men,rhodiola rosea,False,new (no collision with keyword-map/queue/universe)
does saffron extract work,saffron extract,False,new (no collision with keyword-map/queue/universe)
does taurine work on adhd,taurine,False,new (no collision with keyword-map/queue/universe)
does valerian root work reddit,valerian root,False,new (no collision with keyword-map/queue/universe)
does vitamin d3 work without calcium,vitamin d3,False,new (no collision with keyword-map/queue/universe)
5 htp supplement how long does it take to work,5-htp,False,new (no collision with keyword-map/queue/universe)
ashwagandha and levothyroxine,ashwagandha,False,new (no collision with keyword-map/queue/universe)
b complex and folic acid,b complex,False,new (no collision with keyword-map/queue/universe)
glycine 3000mg,glycine,False,new (no collision with keyword-map/queue/universe)
holy basil,holy basil,False,new (no collision with keyword-map/queue/universe)
does l-theanine work instantly,l-theanine,False,new (no collision with keyword-map/queue/universe)
how long can i take l tryptophan,l-tryptophan,False,new (no collision with keyword-map/queue/universe)
does l tyrosine work reddit,l-tyrosine,False,new (no collision with keyword-map/queue/universe)
lavender silexan 80 mg,lavender silexan,False,new (no collision with keyword-map/queue/universe)
does lemon balm.work reddit,lemon balm,False,new (no collision with keyword-map/queue/universe)
does magnesium glycinate work right away,magnesium glycinate,False,new (no collision with keyword-map/queue/universe)
does omega 3 fish oil affect sleep,omega-3 fish oil,False,new (no collision with keyword-map/queue/universe)
does passionflower work reddit,passionflower,False,new (no collision with keyword-map/queue/universe)
does probiotic work for ibs,probiotic,False,new (no collision with keyword-map/queue/universe)
does rhodiola rosea work for weight loss,rhodiola rosea,False,new (no collision with keyword-map/queue/universe)
does saffron extract work for adhd,saffron extract,False,new (no collision with keyword-map/queue/universe)
does taurine work reddit,taurine,False,new (no collision with keyword-map/queue/universe)
does valerian root work right away,valerian root,False,new (no collision with keyword-map/queue/universe)
does vitamin d3 work without k2,vitamin d3,False,new (no collision with keyword-map/queue/universe)
5-htp 100 mg,5-htp,False,new (no collision with keyword-map/queue/universe)
ashwagandha and lexapro,ashwagandha,False,new (no collision with keyword-map/queue/universe)
b complex and magnesium,b complex,False,new (no collision with keyword-map/queue/universe)
glycine 3g,glycine,False,new (no collision with keyword-map/queue/universe)
holy basil adverse effects,holy basil,False,new (no collision with keyword-map/queue/universe)
does l-theanine work reddit,l-theanine,False,new (no collision with keyword-map/queue/universe)
how long does tryptophan take to work,l-tryptophan,False,new (no collision with keyword-map/queue/universe)
does l tyrosine work straight away,l-tyrosine,False,new (no collision with keyword-map/queue/universe)
lavender silexan capsules,lavender silexan,False,new (no collision with keyword-map/queue/universe)
elire - organic lemon balm weight loss,lemon balm,False,new (no collision with keyword-map/queue/universe)
does magnesium glycinate work the first time you take it,magnesium glycinate,False,new (no collision with keyword-map/queue/universe)
does omega 3 fish oil cause sleepiness,omega-3 fish oil,False,new (no collision with keyword-map/queue/universe)
how does passionflower work in the brain,passionflower,False,new (no collision with keyword-map/queue/universe)
does probiotic work instantly,probiotic,False,new (no collision with keyword-map/queue/universe)
does rhodiola rosea work reddit,rhodiola rosea,False,new (no collision with keyword-map/queue/universe)
does saffron extract work immediately,saffron extract,False,new (no collision with keyword-map/queue/universe)
how long do the effects of taurine last,taurine,False,new (no collision with keyword-map/queue/universe)
does valerian root work the first time,valerian root,False,new (no collision with keyword-map/queue/universe)
does vitamin d3 work without magnesium,vitamin d3,False,new (no collision with keyword-map/queue/universe)
5-htp 200mg,5-htp,False,new (no collision with keyword-map/queue/universe)
ashwagandha and magnesium,ashwagandha,False,new (no collision with keyword-map/queue/universe)
b complex and magnesium glycinate,b complex,False,new (no collision with keyword-map/queue/universe)
glycine and alanine,glycine,False,new (no collision with keyword-map/queue/universe)
holy basil and blood pressure,holy basil,False,new (no collision with keyword-map/queue/universe)
does l-theanine work right away,l-theanine,False,new (no collision with keyword-map/queue/universe)
l tryptophan adverse effects,l-tryptophan,False,new (no collision with keyword-map/queue/universe)
does l-tyrosine work,l-tyrosine,False,new (no collision with keyword-map/queue/universe)
lavender silexan supplement,lavender silexan,False,new (no collision with keyword-map/queue/universe)
how does lemon balm work,lemon balm,False,new (no collision with keyword-map/queue/universe)
how long does magnesium glycinate take to work for constipation,magnesium glycinate,False,new (no collision with keyword-map/queue/universe)
does omega 3 fish oil help anxiety,omega-3 fish oil,False,new (no collision with keyword-map/queue/universe)
how long does passiflora take to work,passionflower,False,new (no collision with keyword-map/queue/universe)
does probiotic work right away,probiotic,False,new (no collision with keyword-map/queue/universe)
does rhodiola rosea work right away,rhodiola rosea,False,new (no collision with keyword-map/queue/universe)
does saffron pills work,saffron extract,False,new (no collision with keyword-map/queue/universe)
how long does taurine stay in your system,taurine,False,new (no collision with keyword-map/queue/universe)
does valerian work immediately,valerian root,False,new (no collision with keyword-map/queue/universe)
does vitamin d3 work without vitamin k,vitamin d3,False,new (no collision with keyword-map/queue/universe)
5-htp 50mg,5-htp,False,new (no collision with keyword-map/queue/universe)
ashwagandha and magnesium glycinate,ashwagandha,False,new (no collision with keyword-map/queue/universe)
b complex and vitamin c,b complex,False,new (no collision with keyword-map/queue/universe)
glycine and alanine for weight loss,glycine,False,new (no collision with keyword-map/queue/universe)
holy basil and breastfeeding,holy basil,False,new (no collision with keyword-map/queue/universe)
gaba l-theanine supplement,l-theanine,False,new (no collision with keyword-map/queue/universe)
l tryptophan bei stress,l-tryptophan,False,new (no collision with keyword-map/queue/universe)
does l-tyrosine work immediately,l-tyrosine,False,new (no collision with keyword-map/queue/universe)
silexan lavender amazon,lavender silexan,False,new (no collision with keyword-map/queue/universe)
how long do the effects of lemon balm last,lemon balm,False,new (no collision with keyword-map/queue/universe)
how long does magnesium glycinate take to work for headaches,magnesium glycinate,False,new (no collision with keyword-map/queue/universe)
does omega 3 fish oil supplements work,omega-3 fish oil,False,new (no collision with keyword-map/queue/universe)
how long does passion flower tea take to work,passionflower,False,new (no collision with keyword-map/queue/universe)
does probiotic work without prebiotic,probiotic,False,new (no collision with keyword-map/queue/universe)
does salvora rhodiola rosea work,rhodiola rosea,False,new (no collision with keyword-map/queue/universe)
does saffron supplement work right away,saffron extract,False,new (no collision with keyword-map/queue/universe)
how long does taurine take to work,taurine,False,new (no collision with keyword-map/queue/universe)
how long does it take for valerian root to start working,valerian root,False,new (no collision with keyword-map/queue/universe)
how long do you have to take vitamin d3 to see results,vitamin d3,False,new (no collision with keyword-map/queue/universe)
5-htp and adderall,5-htp,False,new (no collision with keyword-map/queue/universe)
ashwagandha and pregnancy,ashwagandha,False,new (no collision with keyword-map/queue/universe)
b complex and vitamin d together,b complex,False,new (no collision with keyword-map/queue/universe)
glycine and magnesium,glycine,False,new (no collision with keyword-map/queue/universe)
holy basil and cortisol,holy basil,False,new (no collision with keyword-map/queue/universe)
how long does l theanine take to kick in,l-theanine,False,new (no collision with keyword-map/queue/universe)
l tryptophan causing anxiety,l-tryptophan,False,new (no collision with keyword-map/queue/universe)
how long does it take for l tyrosine supplements to work,l-tyrosine,False,new (no collision with keyword-map/queue/universe)
silexan lavender capsules,lavender silexan,False,new (no collision with keyword-map/queue/universe)
how long does lemon balm stay in your system,lemon balm,False,new (no collision with keyword-map/queue/universe)
how long does magnesium glycinate take to work for migraines,magnesium glycinate,False,new (no collision with keyword-map/queue/universe)
does omega 3 fish oil work,omega-3 fish oil,False,new (no collision with keyword-map/queue/universe)
passion flower and clematis,passionflower,False,new (no collision with keyword-map/queue/universe)
does probiotics work for yeast infections,probiotic,False,new (no collision with keyword-map/queue/universe)
how does rhodiola rosea work in the brain,rhodiola rosea,False,new (no collision with keyword-map/queue/universe)
does saffron supplements work,saffron extract,False,new (no collision with keyword-map/queue/universe)
how long does taurine take to work in dogs,taurine,False,new (no collision with keyword-map/queue/universe)
how long does valerian root stay in the system,valerian root,False,new (no collision with keyword-map/queue/universe)
how long does it take for d3 supplements to work,vitamin d3,False,new (no collision with keyword-map/queue/universe)
5-htp and adderall reddit,5-htp,False,new (no collision with keyword-map/queue/universe)
ashwagandha for men,ashwagandha,False,new (no collision with keyword-map/queue/universe)
b complex and weight loss,b complex,False,new (no collision with keyword-map/queue/universe)
glycine and magnesium glycinate together,glycine,False,new (no collision with keyword-map/queue/universe)
holy basil and lemon balm,holy basil,False,new (no collision with keyword-map/queue/universe)
how long does l-theanine take to work,l-theanine,False,new (no collision with keyword-map/queue/universe)
l tryptophan for dog anxiety,l-tryptophan,False,new (no collision with keyword-map/queue/universe)
how long does it take for l-tyrosine to take effect,l-tyrosine,False,new (no collision with keyword-map/queue/universe)
silexan lavender capsules 80 mg,lavender silexan,False,new (no collision with keyword-map/queue/universe)
how long does lemon balm take to work,lemon balm,False,new (no collision with keyword-map/queue/universe)
how long does magnesium glycinate take to work for muscle pain,magnesium glycinate,False,new (no collision with keyword-map/queue/universe)
does omega 3 fish oil work reddit,omega-3 fish oil,False,new (no collision with keyword-map/queue/universe)
passion flower stress relief tablets reviews,passionflower,False,new (no collision with keyword-map/queue/universe)
how long does probiotic take to work,probiotic,False,new (no collision with keyword-map/queue/universe)
rhodiola rosea,rhodiola rosea,False,new (no collision with keyword-map/queue/universe)
how fast does saffron extract work,saffron extract,False,new (no collision with keyword-map/queue/universe)
how long for taurine to take effect,taurine,False,new (no collision with keyword-map/queue/universe)
how long does valerian root take to kick in,valerian root,False,new (no collision with keyword-map/queue/universe)
how long does it take for vitamin d3 to work in your system,vitamin d3,False,new (no collision with keyword-map/queue/universe)
5-htp and gaba together,5-htp,False,new (no collision with keyword-map/queue/universe)
ashwagandha for women,ashwagandha,False,new (no collision with keyword-map/queue/universe)
b complex dose,b complex,False,new (no collision with keyword-map/queue/universe)
glycine and nac,glycine,False,new (no collision with keyword-map/queue/universe)
holy basil and metformin,holy basil,False,new (no collision with keyword-map/queue/universe)
l theanine for.sleep.and stress,l-theanine,False,new (no collision with keyword-map/queue/universe)
l tryptophan for social anxiety reddit,l-tryptophan,False,new (no collision with keyword-map/queue/universe)
how long does it take for n acetyl l tyrosine to work,l-tyrosine,False,new (no collision with keyword-map/queue/universe)
silexan lavender extract,lavender silexan,False,new (no collision with keyword-map/queue/universe)
lemon balm,lemon balm,False,new (no collision with keyword-map/queue/universe)
how long does magnesium glycinate take to work for muscle relaxation,magnesium glycinate,False,new (no collision with keyword-map/queue/universe)
does omega 3 help reduce stress,omega-3 fish oil,False,new (no collision with keyword-map/queue/universe)
passionflower and breastfeeding,passionflower,False,new (no collision with keyword-map/queue/universe)
how long does probiotic take to work in cats,probiotic,False,new (no collision with keyword-map/queue/universe)
rhodiola rosea adverse effects,rhodiola rosea,False,new (no collision with keyword-map/queue/universe)
how long does saffron supplement take to work,saffron extract,False,new (no collision with keyword-map/queue/universe)
taurine,taurine,False,new (no collision with keyword-map/queue/universe)
how long does valerian root take to work,valerian root,False,new (no collision with keyword-map/queue/universe)
how long does vitamin d supplements take to work,vitamin d3,False,new (no collision with keyword-map/queue/universe)
5-htp and l-tryptophan,5-htp,False,new (no collision with keyword-map/queue/universe)
ashwagandha gummies,ashwagandha,False,new (no collision with keyword-map/queue/universe)
b complex for better sleep,b complex,False,new (no collision with keyword-map/queue/universe)
glycine and nac benefits,glycine,False,new (no collision with keyword-map/queue/universe)
holy basil and pregnancy,holy basil,False,new (no collision with keyword-map/queue/universe)
l theanine how long to take effect,l-theanine,False,new (no collision with keyword-map/queue/universe)
l tryptophan gegen stress,l-tryptophan,False,new (no collision with keyword-map/queue/universe)
how long does l tyrosine take to kick in,l-tyrosine,False,new (no collision with keyword-map/queue/universe)
silexan lavender oil,lavender silexan,False,new (no collision with keyword-map/queue/universe)
lemon balm and cats,lemon balm,False,new (no collision with keyword-map/queue/universe)
how long does magnesium glycinate take to work for restless legs,magnesium glycinate,False,new (no collision with keyword-map/queue/universe)
how fast does omega 3 fish oil work,omega-3 fish oil,False,new (no collision with keyword-map/queue/universe)
passionflower and chamomile tea,passionflower,False,new (no collision with keyword-map/queue/universe)
how long does probiotic take to work in dogs,probiotic,False,new (no collision with keyword-map/queue/universe)
rhodiola rosea and ashwagandha,rhodiola rosea,False,new (no collision with keyword-map/queue/universe)
how much saffron extract to take daily,saffron extract,False,new (no collision with keyword-map/queue/universe)
taurine 1000mg capsules,taurine,False,new (no collision with keyword-map/queue/universe)
how long does valerian take to work,valerian root,False,new (no collision with keyword-map/queue/universe)
how long does vitamin d take to work,vitamin d3,False,new (no collision with keyword-map/queue/universe)
5-htp and lexapro,5-htp,False,new (no collision with keyword-map/queue/universe)
ashwagandha ksm 66,ashwagandha,False,new (no collision with keyword-map/queue/universe)
b complex gummies,b complex,False,new (no collision with keyword-map/queue/universe)
glycine and proline,glycine,False,new (no collision with keyword-map/queue/universe)
holy basil and saffron,holy basil,False,new (no collision with keyword-map/queue/universe)
l-theanine,l-theanine,False,new (no collision with keyword-map/queue/universe)
l tryptophan social anxiety,l-tryptophan,False,new (no collision with keyword-map/queue/universe)
how long does l tyrosine work,l-tyrosine,False,new (no collision with keyword-map/queue/universe)
silexan lavender oil capsules,lavender silexan,False,new (no collision with keyword-map/queue/universe)
lemon balm and chamomile tea,lemon balm,False,new (no collision with keyword-map/queue/universe)
how long does magnesium glycinate take to work reddit,magnesium glycinate,False,new (no collision with keyword-map/queue/universe)
how long does it take for fish oil capsules to work,omega-3 fish oil,False,new (no collision with keyword-map/queue/universe)
passionflower and gaba,passionflower,False,new (no collision with keyword-map/queue/universe)
how long does probiotics take to work for acne,probiotic,False,new (no collision with keyword-map/queue/universe)
rhodiola rosea and blood pressure,rhodiola rosea,False,new (no collision with keyword-map/queue/universe)
pure saffron extract,saffron extract,False,new (no collision with keyword-map/queue/universe)
taurine 500mg,taurine,False,new (no collision with keyword-map/queue/universe)
valerian root,valerian root,False,new (no collision with keyword-map/queue/universe)
how long does vitamin d3 take to work,vitamin d3,False,new (no collision with keyword-map/queue/universe)
5-htp and magnesium glycinate together,5-htp,False,new (no collision with keyword-map/queue/universe)
ashwagandha powder,ashwagandha,False,new (no collision with keyword-map/queue/universe)
b complex liquid,b complex,False,new (no collision with keyword-map/queue/universe)
glycine and sleep,glycine,False,new (no collision with keyword-map/queue/universe)
holy basil and saffron for kids,holy basil,False,new (no collision with keyword-map/queue/universe)
l-theanine 100 mg,l-theanine,False,new (no collision with keyword-map/queue/universe)
l-tryptophan,l-tryptophan,False,new (no collision with keyword-map/queue/universe)
how long does l-tyrosine take to work,l-tyrosine,False,new (no collision with keyword-map/queue/universe)
silexan lavender pills,lavender silexan,False,new (no collision with keyword-map/queue/universe)
lemon balm and dogs,lemon balm,False,new (no collision with keyword-map/queue/universe)
magnesium glycinate 200mg,magnesium glycinate,False,new (no collision with keyword-map/queue/universe)
how long does it take for fish oil to work,omega-3 fish oil,False,new (no collision with keyword-map/queue/universe)
passionflower and lemon balm,passionflower,False,new (no collision with keyword-map/queue/universe)
how long does probiotics take to work for bv,probiotic,False,new (no collision with keyword-map/queue/universe)
rhodiola rosea and cortisol,rhodiola rosea,False,new (no collision with keyword-map/queue/universe)
saffron extract,saffron extract,False,new (no collision with keyword-map/queue/universe)
taurine and adhd,taurine,False,new (no collision with keyword-map/queue/universe)
valerian root and alcohol,valerian root,False,new (no collision with keyword-map/queue/universe)
nature made vitamin d3,vitamin d3,False,new (no collision with keyword-map/queue/universe)
5-htp and prozac,5-htp,False,new (no collision with keyword-map/queue/universe)
ashwagandha supplements,ashwagandha,False,new (no collision with keyword-map/queue/universe)
b complex methylated,b complex,False,new (no collision with keyword-map/queue/universe)
glycine and taurine,glycine,False,new (no collision with keyword-map/queue/universe)
holy basil and thai basil,holy basil,False,new (no collision with keyword-map/queue/universe)
l-theanine 200mg,l-theanine,False,new (no collision with keyword-map/queue/universe)
l-tryptophan 1000mg capsules,l-tryptophan,False,new (no collision with keyword-map/queue/universe)
how long does l-tyrosine take to work reddit,l-tyrosine,False,new (no collision with keyword-map/queue/universe)
what is silexan lavender,lavender silexan,False,new (no collision with keyword-map/queue/universe)
lemon balm and lavender tea,lemon balm,False,new (no collision with keyword-map/queue/universe)
magnesium glycinate 400mg,magnesium glycinate,False,new (no collision with keyword-map/queue/universe)
how long does it take for omega 3 fish oil to work,omega-3 fish oil,False,new (no collision with keyword-map/queue/universe)
passionflower and lemon balm tea,passionflower,False,new (no collision with keyword-map/queue/universe)
how long does probiotics take to work for constipation,probiotic,False,new (no collision with keyword-map/queue/universe)
rhodiola rosea and eliquis,rhodiola rosea,False,new (no collision with keyword-map/queue/universe)
saffron extract 30mg,saffron extract,False,new (no collision with keyword-map/queue/universe)
taurine and blood pressure,taurine,False,new (no collision with keyword-map/queue/universe)
valerian root and ashwagandha,valerian root,False,new (no collision with keyword-map/queue/universe)
now vitamin d3,vitamin d3,False,new (no collision with keyword-map/queue/universe)
5-htp and sertraline,5-htp,False,new (no collision with keyword-map/queue/universe)
ashwagandha tea,ashwagandha,False,new (no collision with keyword-map/queue/universe)
b complex plus,b complex,False,new (no collision with keyword-map/queue/universe)
glycine and tirzepatide,glycine,False,new (no collision with keyword-map/queue/universe)
holy basil and tulsi,holy basil,False,new (no collision with keyword-map/queue/universe)
l-theanine 400mg,l-theanine,False,new (no collision with keyword-map/queue/universe)
l-tryptophan 1500mg capsules,l-tryptophan,False,new (no collision with keyword-map/queue/universe)
how soon does l tyrosine work,l-tyrosine,False,new (no collision with keyword-map/queue/universe)
lemon balm and mint tea,lemon balm,False,new (no collision with keyword-map/queue/universe)
magnesium glycinate 500mg,magnesium glycinate,False,new (no collision with keyword-map/queue/universe)
how long should i take omega 3 fish oil,omega-3 fish oil,False,new (no collision with keyword-map/queue/universe)
passionflower and lexapro,passionflower,False,new (no collision with keyword-map/queue/universe)
how long does probiotics take to work for diarrhea,probiotic,False,new (no collision with keyword-map/queue/universe)
rhodiola rosea and l theanine,rhodiola rosea,False,new (no collision with keyword-map/queue/universe)
saffron extract and adhd,saffron extract,False,new (no collision with keyword-map/queue/universe)
taurine and caffeine,taurine,False,new (no collision with keyword-map/queue/universe)
valerian root and blood pressure,valerian root,False,new (no collision with keyword-map/queue/universe)
thorne vitamin d3 k2,vitamin d3,False,new (no collision with keyword-map/queue/universe)
5-htp and wellbutrin,5-htp,False,new (no collision with keyword-map/queue/universe)
does ashwagandha work,ashwagandha,False,new (no collision with keyword-map/queue/universe)
b complex vitamins,b complex,False,new (no collision with keyword-map/queue/universe)
glycine benefits anxiety,glycine,False,new (no collision with keyword-map/queue/universe)
holy basil bubble deep mask,holy basil,False,new (no collision with keyword-map/queue/universe)
l-theanine and adderall,l-theanine,False,new (no collision with keyword-map/queue/universe)
l-tryptophan 500mg,l-tryptophan,False,new (no collision with keyword-map/queue/universe)
l tyrosine benefits stress,l-tyrosine,False,new (no collision with keyword-map/queue/universe)
lemon balm and mint tea benefits,lemon balm,False,new (no collision with keyword-map/queue/universe)
magnesium glycinate and alcohol,magnesium glycinate,False,new (no collision with keyword-map/queue/universe)
how to take omega 3 fish oil,omega-3 fish oil,False,new (no collision with keyword-map/queue/universe)
passionflower and skullcap,passionflower,False,new (no collision with keyword-map/queue/universe)
how long does probiotics take to work for yeast infection,probiotic,False,new (no collision with keyword-map/queue/universe)
rhodiola rosea and levothyroxine,rhodiola rosea,False,new (no collision with keyword-map/queue/universe)
saffron extract and ashwagandha,saffron extract,False,new (no collision with keyword-map/queue/universe)
taurine and cats,taurine,False,new (no collision with keyword-map/queue/universe)
valerian root and cats,valerian root,False,new (no collision with keyword-map/queue/universe)
vitamin d benefits stress,vitamin d3,False,new (no collision with keyword-map/queue/universe)
5-htp and zoloft,5-htp,False,new (no collision with keyword-map/queue/universe)
does ashwagandha work for testosterone,ashwagandha,False,new (no collision with keyword-map/queue/universe)
b complex vitamins for men,b complex,False,new (no collision with keyword-map/queue/universe)
glycine gummies,glycine,False,new (no collision with keyword-map/queue/universe)
holy basil for dog anxiety,holy basil,False,new (no collision with keyword-map/queue/universe)
l-theanine and adhd,l-theanine,False,new (no collision with keyword-map/queue/universe)
l-tryptophan 500mg capsules,l-tryptophan,False,new (no collision with keyword-map/queue/universe)
l tyrosine cause anxiety,l-tyrosine,False,new (no collision with keyword-map/queue/universe)
lemon balm and pregnancy,lemon balm,False,new (no collision with keyword-map/queue/universe)
magnesium glycinate and ashwagandha,magnesium glycinate,False,new (no collision with keyword-map/queue/universe)
how to take omega 3 fish oil capsules,omega-3 fish oil,False,new (no collision with keyword-map/queue/universe)
passionflower and ssri,passionflower,False,new (no collision with keyword-map/queue/universe)
how long does probiotics take to work in babies,probiotic,False,new (no collision with keyword-map/queue/universe)
rhodiola rosea and lexapro,rhodiola rosea,False,new (no collision with keyword-map/queue/universe)
saffron extract and berberine,saffron extract,False,new (no collision with keyword-map/queue/universe)
taurine and creatine,taurine,False,new (no collision with keyword-map/queue/universe)
valerian root and lexapro,valerian root,False,new (no collision with keyword-map/queue/universe)
vitamin d3,vitamin d3,False,new (no collision with keyword-map/queue/universe)
5-htp nutritional supplements,5-htp,False,new (no collision with keyword-map/queue/universe)
does ashwagandha work for weight loss,ashwagandha,False,new (no collision with keyword-map/queue/universe)
b complex vitamins for women,b complex,False,new (no collision with keyword-map/queue/universe)
glycine powder,glycine,False,new (no collision with keyword-map/queue/universe)
holy basil leaves,holy basil,False,new (no collision with keyword-map/queue/universe)
l-theanine and alcohol,l-theanine,False,new (no collision with keyword-map/queue/universe)
l-tryptophan and 5-htp,l-tryptophan,False,new (no collision with keyword-map/queue/universe)
l tyrosine et stress,l-tyrosine,False,new (no collision with keyword-map/queue/universe)
lemon balm and thyroid function,lemon balm,False,new (no collision with keyword-map/queue/universe)
magnesium glycinate and blood pressure,magnesium glycinate,False,new (no collision with keyword-map/queue/universe)
is omega 3 fish oil good for depression and anxiety,omega-3 fish oil,False,new (no collision with keyword-map/queue/universe)
passionflower and valerian root,passionflower,False,new (no collision with keyword-map/queue/universe)
how long does probiotics take to work reddit,probiotic,False,new (no collision with keyword-map/queue/universe)
rhodiola rosea and prozac,rhodiola rosea,False,new (no collision with keyword-map/queue/universe)
saffron extract and bupropion,saffron extract,False,new (no collision with keyword-map/queue/universe)
taurine and glycine,taurine,False,new (no collision with keyword-map/queue/universe)
valerian root and magnesium,valerian root,False,new (no collision with keyword-map/queue/universe)
vitamin d3 1000iu,vitamin d3,False,new (no collision with keyword-map/queue/universe)
5-htp supplements,5-htp,False,new (no collision with keyword-map/queue/universe)
does ashwagandha work for women,ashwagandha,False,new (no collision with keyword-map/queue/universe)
does b complex actually work,b complex,False,new (no collision with keyword-map/queue/universe)
glycine powder organic,glycine,False,new (no collision with keyword-map/queue/universe)
holy basil pills,holy basil,False,new (no collision with keyword-map/queue/universe)
l-theanine and ashwagandha,l-theanine,False,new (no collision with keyword-map/queue/universe)
l-tryptophan and adderall reddit,l-tryptophan,False,new (no collision with keyword-map/queue/universe)
l tyrosine for insomnia,l-tyrosine,False,new (no collision with keyword-map/queue/universe)
lemon balm and valerian tea,lemon balm,False,new (no collision with keyword-map/queue/universe)
magnesium glycinate and citrate,magnesium glycinate,False,new (no collision with keyword-map/queue/universe)
momentous omega-3 fish oil,omega-3 fish oil,False,new (no collision with keyword-map/queue/universe)
passionflower and zoloft,passionflower,False,new (no collision with keyword-map/queue/universe)
probiotic,probiotic,False,new (no collision with keyword-map/queue/universe)
rhodiola rosea and weight loss,rhodiola rosea,False,new (no collision with keyword-map/queue/universe)
saffron extract and dopamine,saffron extract,False,new (no collision with keyword-map/queue/universe)
taurine and guarana,taurine,False,new (no collision with keyword-map/queue/universe)
valerian root and melatonin,valerian root,False,new (no collision with keyword-map/queue/universe)
vitamin d3 2000iu,vitamin d3,False,new (no collision with keyword-map/queue/universe)
does 5 htp take time to work,5-htp,False,new (no collision with keyword-map/queue/universe)
does ashwagandha work instantly,ashwagandha,False,new (no collision with keyword-map/queue/universe)
does b complex work,b complex,False,new (no collision with keyword-map/queue/universe)
glycine supplements,glycine,False,new (no collision with keyword-map/queue/universe)
holy basil stress support,holy basil,False,new (no collision with keyword-map/queue/universe)
l-theanine and caffeine,l-theanine,False,new (no collision with keyword-map/queue/universe)
l-tryptophan and l-theanine,l-tryptophan,False,new (no collision with keyword-map/queue/universe)
l tyrosine for social anxiety,l-tyrosine,False,new (no collision with keyword-map/queue/universe)
lemon balm and weight loss,lemon balm,False,new (no collision with keyword-map/queue/universe)
magnesium glycinate and citrate together,magnesium glycinate,False,new (no collision with keyword-map/queue/universe)
omega 3 fish oil,omega-3 fish oil,False,new (no collision with keyword-map/queue/universe)
passionflower capsules,passionflower,False,new (no collision with keyword-map/queue/universe)
probiotic and amoxicillin,probiotic,False,new (no collision with keyword-map/queue/universe)
rhodiola rosea and wellbutrin,rhodiola rosea,False,new (no collision with keyword-map/queue/universe)
saffron extract and lexapro,saffron extract,False,new (no collision with keyword-map/queue/universe)
taurine and heart health,taurine,False,new (no collision with keyword-map/queue/universe)
valerian root and pregnancy,valerian root,False,new (no collision with keyword-map/queue/universe)
vitamin d3 5000 iu,vitamin d3,False,new (no collision with keyword-map/queue/universe)
does 5 htp work for adhd,5-htp,False,new (no collision with keyword-map/queue/universe)
does ashwagandha work reddit,ashwagandha,False,new (no collision with keyword-map/queue/universe)
does b complex work for infection,b complex,False,new (no collision with keyword-map/queue/universe)
glycine watch,glycine,False,new (no collision with keyword-map/queue/universe)
holy basil supplement,holy basil,False,new (no collision with keyword-map/queue/universe)
l-theanine and gaba,l-theanine,False,new (no collision with keyword-map/queue/universe)
l-tryptophan and l-tyrosine together,l-tryptophan,False,new (no collision with keyword-map/queue/universe)
l tyrosine for social anxiety reddit,l-tyrosine,False,new (no collision with keyword-map/queue/universe)
lemon balm extract,lemon balm,False,new (no collision with keyword-map/queue/universe)
magnesium glycinate and l theanine,magnesium glycinate,False,new (no collision with keyword-map/queue/universe)
omega 3 fish oil 1000mg,omega-3 fish oil,False,new (no collision with keyword-map/queue/universe)
passionflower extract liquid,passionflower,False,new (no collision with keyword-map/queue/universe)
probiotic and antibiotic,probiotic,False,new (no collision with keyword-map/queue/universe)
rhodiola rosea anxiety study,rhodiola rosea,False,new (no collision with keyword-map/queue/universe)
saffron extract and sertraline,saffron extract,False,new (no collision with keyword-map/queue/universe)
taurine and pregnancy,taurine,False,new (no collision with keyword-map/queue/universe)
valerian root and trazodone,valerian root,False,new (no collision with keyword-map/queue/universe)
vitamin d3 and calcium,vitamin d3,False,new (no collision with keyword-map/queue/universe)
does 5 htp work for weight loss,5-htp,False,new (no collision with keyword-map/queue/universe)
does ashwagandha work right away,ashwagandha,False,new (no collision with keyword-map/queue/universe)
does b complex work for mouth ulcers,b complex,False,new (no collision with keyword-map/queue/universe)
glycine watches for men,glycine,False,new (no collision with keyword-map/queue/universe)
holy basil tea,holy basil,False,new (no collision with keyword-map/queue/universe)
l-theanine and lexapro,l-theanine,False,new (no collision with keyword-map/queue/universe)
l-tryptophan and lexapro,l-tryptophan,False,new (no collision with keyword-map/queue/universe)
l tyrosine sleep,l-tyrosine,False,new (no collision with keyword-map/queue/universe)
lemon balm leaves,lemon balm,False,new (no collision with keyword-map/queue/universe)
magnesium glycinate and lexapro,magnesium glycinate,False,new (no collision with keyword-map/queue/universe)
omega 3 fish oil anxiety reddit,omega-3 fish oil,False,new (no collision with keyword-map/queue/universe)
passionflower good for,passionflower,False,new (no collision with keyword-map/queue/universe)
probiotic and digestive enzymes,probiotic,False,new (no collision with keyword-map/queue/universe)
rhodiola rosea before sleep,rhodiola rosea,False,new (no collision with keyword-map/queue/universe)
saffron extract and vitamin d,saffron extract,False,new (no collision with keyword-map/queue/universe)
taurine and sleep,taurine,False,new (no collision with keyword-map/queue/universe)
valerian root and zoloft,valerian root,False,new (no collision with keyword-map/queue/universe)
vitamin d3 and k,vitamin d3,False,new (no collision with keyword-map/queue/universe)
does 5 htp work instantly,5-htp,False,new (no collision with keyword-map/queue/universe)
does ashwagandha work the same day,ashwagandha,False,new (no collision with keyword-map/queue/universe)
does b complex work reddit,b complex,False,new (no collision with keyword-map/queue/universe)
how does glycine work as a neurotransmitter,glycine,False,new (no collision with keyword-map/queue/universe)
holy basil tea organic,holy basil,False,new (no collision with keyword-map/queue/universe)
l-theanine and magnesium,l-theanine,False,new (no collision with keyword-map/queue/universe)
l-tryptophan and lexapro reddit,l-tryptophan,False,new (no collision with keyword-map/queue/universe)
l tyrosine sleep problems,l-tyrosine,False,new (no collision with keyword-map/queue/universe)
lemon balm oil,lemon balm,False,new (no collision with keyword-map/queue/universe)
magnesium glycinate and melatonin,magnesium glycinate,False,new (no collision with keyword-map/queue/universe)
omega 3 fish oil before sleep,omega-3 fish oil,False,new (no collision with keyword-map/queue/universe)
passionflower good for liver,passionflower,False,new (no collision with keyword-map/queue/universe)
probiotic and fiber supplement,probiotic,False,new (no collision with keyword-map/queue/universe)
rhodiola rosea extract,rhodiola rosea,False,new (no collision with keyword-map/queue/universe)
saffron extract and vyvanse,saffron extract,False,new (no collision with keyword-map/queue/universe)
taurine for social anxiety,taurine,False,new (no collision with keyword-map/queue/universe)
valerian root capsules,valerian root,False,new (no collision with keyword-map/queue/universe)
vitamin d3 and k2,vitamin d3,False,new (no collision with keyword-map/queue/universe)
does 5 htp work like an ssri,5-htp,False,new (no collision with keyword-map/queue/universe)
goli ashwagandha gummies,ashwagandha,False,new (no collision with keyword-map/queue/universe)
does b complex work right away,b complex,False,new (no collision with keyword-map/queue/universe)
how does glycine work in the body,glycine,False,new (no collision with keyword-map/queue/universe)
holy basil tincture,holy basil,False,new (no collision with keyword-map/queue/universe)
l-theanine and magnesium glycinate,l-theanine,False,new (no collision with keyword-map/queue/universe)
l-tryptophan and sertraline,l-tryptophan,False,new (no collision with keyword-map/queue/universe)
l tyrosine sleepy reddit,l-tyrosine,False,new (no collision with keyword-map/queue/universe)
lemon balm tea,lemon balm,False,new (no collision with keyword-map/queue/universe)
magnesium glycinate and sleep,magnesium glycinate,False,new (no collision with keyword-map/queue/universe)
omega 3 fish oil benefits,omega-3 fish oil,False,new (no collision with keyword-map/queue/universe)
passionflower gummies,passionflower,False,new (no collision with keyword-map/queue/universe)
probiotic and prebiotic,probiotic,False,new (no collision with keyword-map/queue/universe)
rhodiola rosea for chronic stress disorder,rhodiola rosea,False,new (no collision with keyword-map/queue/universe)
saffron extract and wellbutrin,saffron extract,False,new (no collision with keyword-map/queue/universe)
taurine for social anxiety reddit,taurine,False,new (no collision with keyword-map/queue/universe)
valerian root drops,valerian root,False,new (no collision with keyword-map/queue/universe)
vitamin d3 and k2 benefits,vitamin d3,False,new (no collision with keyword-map/queue/universe)
does 5 htp work reddit,5-htp,False,new (no collision with keyword-map/queue/universe)
how long does ashwagandha take to work,ashwagandha,False,new (no collision with keyword-map/queue/universe)
does liquid b complex work,b complex,False,new (no collision with keyword-map/queue/universe)
how long does glycine powder take to work,glycine,False,new (no collision with keyword-map/queue/universe)
how long does holy basil take to work,holy basil,False,new (no collision with keyword-map/queue/universe)
l-theanine gummies,l-theanine,False,new (no collision with keyword-map/queue/universe)
l-tryptophan and valerian root,l-tryptophan,False,new (no collision with keyword-map/queue/universe)
l tyrosine stress support,l-tyrosine,False,new (no collision with keyword-map/queue/universe)
lemon balm tea organic,lemon balm,False,new (no collision with keyword-map/queue/universe)
magnesium glycinate and vitamin d,magnesium glycinate,False,new (no collision with keyword-map/queue/universe)
omega 3 fish oil benefits anxiety,omega-3 fish oil,False,new (no collision with keyword-map/queue/universe)
passionflower herb,passionflower,False,new (no collision with keyword-map/queue/universe)
probiotic and prebiotic difference,probiotic,False,new (no collision with keyword-map/queue/universe)
rhodiola rosea for depression and anxiety,rhodiola rosea,False,new (no collision with keyword-map/queue/universe)
saffron extract for kids,saffron extract,False,new (no collision with keyword-map/queue/universe)
taurine powder,taurine,False,new (no collision with keyword-map/queue/universe)
valerian root extract,valerian root,False,new (no collision with keyword-map/queue/universe)
vitamin d3 and k2 benefits for women,vitamin d3,False,new (no collision with keyword-map/queue/universe)
does 5 htp work right away,5-htp,False,new (no collision with keyword-map/queue/universe)
how long does ashwagandha take to work after taking it,ashwagandha,False,new (no collision with keyword-map/queue/universe)
does stress b complex work,b complex,False,new (no collision with keyword-map/queue/universe)
how long does glycine take to work,glycine,False,new (no collision with keyword-map/queue/universe)
how quickly does holy basil work,holy basil,False,new (no collision with keyword-map/queue/universe)
l-theanine powder,l-theanine,False,new (no collision with keyword-map/queue/universe)
l-tryptophan gummies,l-tryptophan,False,new (no collision with keyword-map/queue/universe)
l-tyrosine,l-tyrosine,False,new (no collision with keyword-map/queue/universe)
lemon balm tincture,lemon balm,False,new (no collision with keyword-map/queue/universe)
magnesium glycinate gummies,magnesium glycinate,False,new (no collision with keyword-map/queue/universe)
omega 3 fish oil benefits for male,omega-3 fish oil,False,new (no collision with keyword-map/queue/universe)
passionflower loose leaf,passionflower,False,new (no collision with keyword-map/queue/universe)
probiotic and prebiotic foods,probiotic,False,new (no collision with keyword-map/queue/universe)
rhodiola rosea for depression and anxiety reddit,rhodiola rosea,False,new (no collision with keyword-map/queue/universe)
saffron extract liquid,saffron extract,False,new (no collision with keyword-map/queue/universe)
taurine stress reduction,taurine,False,new (no collision with keyword-map/queue/universe)
valerian root gummies,valerian root,False,new (no collision with keyword-map/queue/universe)
vitamin d3 and k2 combination,vitamin d3,False,new (no collision with keyword-map/queue/universe)
does 5-htp work,5-htp,False,new (no collision with keyword-map/queue/universe)
how long does ashwagandha take to work for depression,ashwagandha,False,new (no collision with keyword-map/queue/universe)
does super b complex work,b complex,False,new (no collision with keyword-map/queue/universe)
how long does glycine work,glycine,False,new (no collision with keyword-map/queue/universe)
tulsi holy basil,holy basil,False,new (no collision with keyword-map/queue/universe)
l-theanine supplement,l-theanine,False,new (no collision with keyword-map/queue/universe)
l-tryptophan powder,l-tryptophan,False,new (no collision with keyword-map/queue/universe)
l-tyrosine 1000mg capsules,l-tyrosine,False,new (no collision with keyword-map/queue/universe)
magnesium glycinate powder,magnesium glycinate,False,new (no collision with keyword-map/queue/universe)
omega 3 fish oil benefits sleep,omega-3 fish oil,False,new (no collision with keyword-map/queue/universe)
passionflower stress relief tablets,passionflower,False,new (no collision with keyword-map/queue/universe)
probiotic and prebiotic for women,probiotic,False,new (no collision with keyword-map/queue/universe)
rhodiola rosea for insomnia,rhodiola rosea,False,new (no collision with keyword-map/queue/universe)
saffron extract powder,saffron extract,False,new (no collision with keyword-map/queue/universe)
taurine supplement,taurine,False,new (no collision with keyword-map/queue/universe)
valerian root tea,valerian root,False,new (no collision with keyword-map/queue/universe)
vitamin d3 and k2 supplements,vitamin d3,False,new (no collision with keyword-map/queue/universe)
does 5-htp work immediately,5-htp,False,new (no collision with keyword-map/queue/universe)
how long does ashwagandha take to work for testosterone,ashwagandha,False,new (no collision with keyword-map/queue/universe)
how does b complex work in the body,b complex,False,new (no collision with keyword-map/queue/universe)
how long does glystar plus take to work,glycine,False,new (no collision with keyword-map/queue/universe)
suntheanine l-theanine,l-theanine,False,new (no collision with keyword-map/queue/universe)
should you take l tryptophan,l-tryptophan,False,new (no collision with keyword-map/queue/universe)
l-tyrosine 500mg,l-tyrosine,False,new (no collision with keyword-map/queue/universe)
pure encapsulations magnesium glycinate,magnesium glycinate,False,new (no collision with keyword-map/queue/universe)
omega 3 fish oil capsules,omega-3 fish oil,False,new (no collision with keyword-map/queue/universe)
passionflower supplement,passionflower,False,new (no collision with keyword-map/queue/universe)
probiotic and prebiotic gummies,probiotic,False,new (no collision with keyword-map/queue/universe)
rhodiola rosea for social anxiety,rhodiola rosea,False,new (no collision with keyword-map/queue/universe)
saffron extract stress,saffron extract,False,new (no collision with keyword-map/queue/universe)
valerian root tincture,valerian root,False,new (no collision with keyword-map/queue/universe)
vitamin d3 and k2 supplements review,vitamin d3,False,new (no collision with keyword-map/queue/universe)
gaba and 5-htp supplements,5-htp,False,new (no collision with keyword-map/queue/universe)
how long does ashwagandha take to work for weight loss,ashwagandha,False,new (no collision with keyword-map/queue/universe)
how long before b complex works,b complex,False,new (no collision with keyword-map/queue/universe)
how long does it take for magnesium glycinate to work,glycine,False,new (no collision with keyword-map/queue/universe)
l-tyrosine 500mg capsules,l-tyrosine,False,new (no collision with keyword-map/queue/universe)
pure magnesium glycinate,magnesium glycinate,False,new (no collision with keyword-map/queue/universe)
omega 3 fish oil capsules benefits,omega-3 fish oil,False,new (no collision with keyword-map/queue/universe)
passionflower tea bags,passionflower,False,new (no collision with keyword-map/queue/universe)
probiotic and prebiotic supplements,probiotic,False,new (no collision with keyword-map/queue/universe)
rhodiola rosea for social anxiety reddit,rhodiola rosea,False,new (no collision with keyword-map/queue/universe)
saffron extract stress relax,saffron extract,False,new (no collision with keyword-map/queue/universe)
will valerian root help anxiety,valerian root,False,new (no collision with keyword-map/queue/universe)
vitamin d3 and magnesium,vitamin d3,False,new (no collision with keyword-map/queue/universe)
"gaba, 5-htp l-tryptophan ashwagandha chamomile l-theanine magnesium",5-htp,False,new (no collision with keyword-map/queue/universe)
how long does ashwagandha take to work in a day,ashwagandha,False,new (no collision with keyword-map/queue/universe)
how long does b complex take to work,b complex,False,new (no collision with keyword-map/queue/universe)
how long does l glycine take to work,glycine,False,new (no collision with keyword-map/queue/universe)
l-tyrosine and adderall,l-tyrosine,False,new (no collision with keyword-map/queue/universe)
qunol magnesium glycinate,magnesium glycinate,False,new (no collision with keyword-map/queue/universe)
omega 3 fish oil insomnia,omega-3 fish oil,False,new (no collision with keyword-map/queue/universe)
passionflower tea organic,passionflower,False,new (no collision with keyword-map/queue/universe)
probiotic doses,probiotic,False,new (no collision with keyword-map/queue/universe)
rhodiola rosea help sleep,rhodiola rosea,False,new (no collision with keyword-map/queue/universe)
saffron extract supplements,saffron extract,False,new (no collision with keyword-map/queue/universe)
vitamin d3 doses,vitamin d3,False,new (no collision with keyword-map/queue/universe)
how long does 5 htp take to kick in,5-htp,False,new (no collision with keyword-map/queue/universe)
how long does ashwagandha take to work reddit,ashwagandha,False,new (no collision with keyword-map/queue/universe)
how long does vitamin b complex take to work,b complex,False,new (no collision with keyword-map/queue/universe)
how long does magnesium gly take to work,glycine,False,new (no collision with keyword-map/queue/universe)
l-tyrosine and adderall reddit,l-tyrosine,False,new (no collision with keyword-map/queue/universe)
thorne magnesium glycinate,magnesium glycinate,False,new (no collision with keyword-map/queue/universe)
omega 3 fish oil makes me sleepy,omega-3 fish oil,False,new (no collision with keyword-map/queue/universe)
passionflower tincture,passionflower,False,new (no collision with keyword-map/queue/universe)
probiotic for better sleep,probiotic,False,new (no collision with keyword-map/queue/universe)
rhodiola rosea how long to take,rhodiola rosea,False,new (no collision with keyword-map/queue/universe)
wild and organic saffron extract,saffron extract,False,new (no collision with keyword-map/queue/universe)
vitamin d3 gummies,vitamin d3,False,new (no collision with keyword-map/queue/universe)
how long does 5 htp take to work for depression,5-htp,False,new (no collision with keyword-map/queue/universe)
how much time b complex take to work,b complex,False,new (no collision with keyword-map/queue/universe)
semaglutide glycine how long does it take to work,glycine,False,new (no collision with keyword-map/queue/universe)
l-tyrosine and adhd,l-tyrosine,False,new (no collision with keyword-map/queue/universe)
omega 3 fish oil price in pakistan,omega-3 fish oil,False,new (no collision with keyword-map/queue/universe)
probiotic prebiotic,probiotic,False,new (no collision with keyword-map/queue/universe)
rhodiola rosea liquid drops,rhodiola rosea,False,new (no collision with keyword-map/queue/universe)
vitamin d3 k2,vitamin d3,False,new (no collision with keyword-map/queue/universe)
how long does 5 htp take to work reddit,5-htp,False,new (no collision with keyword-map/queue/universe)
tirzepatide + glycine how long does it take to work,glycine,False,new (no collision with keyword-map/queue/universe)
l-tyrosine and l-theanine,l-tyrosine,False,new (no collision with keyword-map/queue/universe)
omega 3 fish oil sleep reddit,omega-3 fish oil,False,new (no collision with keyword-map/queue/universe)
probiotics for men,probiotic,False,new (no collision with keyword-map/queue/universe)
rhodiola rosea organic,rhodiola rosea,False,new (no collision with keyword-map/queue/universe)
how long does 5-htp take to work,5-htp,False,new (no collision with keyword-map/queue/universe)
l-tyrosine and l-theanine supplement,l-tyrosine,False,new (no collision with keyword-map/queue/universe)
omega 3 fish oil tablets,omega-3 fish oil,False,new (no collision with keyword-map/queue/universe)
probiotics for women,probiotic,False,new (no collision with keyword-map/queue/universe)
rhodiola rosea sleep,rhodiola rosea,False,new (no collision with keyword-map/queue/universe)
how soon does 5 htp work,5-htp,False,new (no collision with keyword-map/queue/universe)
l-tyrosine and l-theanine together,l-tyrosine,False,new (no collision with keyword-map/queue/universe)
omega 3 fish oil work,omega-3 fish oil,False,new (no collision with keyword-map/queue/universe)
probiotics for women over 50,probiotic,False,new (no collision with keyword-map/queue/universe)
rhodiola rosea sleep problems,rhodiola rosea,False,new (no collision with keyword-map/queue/universe)
natrol 5-htp 200mg time release,5-htp,False,new (no collision with keyword-map/queue/universe)
l-tyrosine and lexapro,l-tyrosine,False,new (no collision with keyword-map/queue/universe)
omega 3 fish oil workout,omega-3 fish oil,False,new (no collision with keyword-map/queue/universe)
seed probiotics,probiotic,False,new (no collision with keyword-map/queue/universe)
rhodiola rosea stress relief,rhodiola rosea,False,new (no collision with keyword-map/queue/universe)
thorne 5-htp,5-htp,False,new (no collision with keyword-map/queue/universe)
l-tyrosine and thyroid,l-tyrosine,False,new (no collision with keyword-map/queue/universe)
omega-3 fish oil,omega-3 fish oil,False,new (no collision with keyword-map/queue/universe)
vaginal probiotics,probiotic,False,new (no collision with keyword-map/queue/universe)
rhodiola rosea stress support,rhodiola rosea,False,new (no collision with keyword-map/queue/universe)
l-tyrosine and vyvanse,l-tyrosine,False,new (no collision with keyword-map/queue/universe)
omega-3 fish oil 1000 mg,omega-3 fish oil,False,new (no collision with keyword-map/queue/universe)
rhodiola rosea supplement,rhodiola rosea,False,new (no collision with keyword-map/queue/universe)
l-tyrosine and vyvanse reddit,l-tyrosine,False,new (no collision with keyword-map/queue/universe)
omega-3 fish oil epa/dha,omega-3 fish oil,False,new (no collision with keyword-map/queue/universe)
rhodiola rosea tea,rhodiola rosea,False,new (no collision with keyword-map/queue/universe)
l-tyrosine and wellbutrin,l-tyrosine,False,new (no collision with keyword-map/queue/universe)
omega-3 fish oil from wild alaska pollock,omega-3 fish oil,False,new (no collision with keyword-map/queue/universe)
salvora rhodiola rosea,rhodiola rosea,False,new (no collision with keyword-map/queue/universe)
l-tyrosine gummies,l-tyrosine,False,new (no collision with keyword-map/queue/universe)
omega-3 fish oil supplements,omega-3 fish oil,False,new (no collision with keyword-map/queue/universe)
salvora rhodiola rosea supplement,rhodiola rosea,False,new (no collision with keyword-map/queue/universe)
l-tyrosine powder,l-tyrosine,False,new (no collision with keyword-map/queue/universe)
should i take omega 3 fish oil daily,omega-3 fish oil,False,new (no collision with keyword-map/queue/universe)
soluma rhodiola rosea,rhodiola rosea,False,new (no collision with keyword-map/queue/universe)
l-tyrosine supplement,l-tyrosine,False,new (no collision with keyword-map/queue/universe)
should you take omega 3 fish oil,omega-3 fish oil,False,new (no collision with keyword-map/queue/universe)
soluma rhodiola rosea for thyroid,rhodiola rosea,False,new (no collision with keyword-map/queue/universe)
n-acetyl l-tyrosine,l-tyrosine,False,new (no collision with keyword-map/queue/universe)
sports research omega-3 fish oil,omega-3 fish oil,False,new (no collision with keyword-map/queue/universe)
selenium zinc iodine l-tyrosine ashwagandha,l-tyrosine,False,new (no collision with keyword-map/queue/universe)
sports research triple strength omega-3 fish oil,omega-3 fish oil,False,new (no collision with keyword-map/queue/universe)
triglyceride omega-3 fish oil,omega-3 fish oil,False,new (no collision with keyword-map/queue/universe)
what does omega 3 fish oil do for working out,omega-3 fish oil,False,new (no collision with keyword-map/queue/universe)
what time should i take omega 3 fish oil,omega-3 fish oil,False,new (no collision with keyword-map/queue/universe)
